Inflation,Quarter,Value
CPI forecast,2022Q4,10.749545412
CPI forecast,2023Q1,9.651274900
CPI forecast,2023Q2,6.890128410
CPI forecast,2023Q3,5.412091288
CPI forecast,2023Q4,2.882148949
CPI forecast,2024Q1,1.531089406
CPI forecast,2024Q2,0.797566235
CPI forecast,2024Q3,0.568514951
CPI forecast,2024Q4,0.544749074
CPI forecast,2025Q1,0.526466942
CPI forecast,2025Q2,0.005162072
CPI forecast,2025Q3,0.017006720
CPI forecast,2025Q4,-0.081174176
CPI forecast,2026Q1,-0.029637197
CPI forecast,2026Q2,0.303462438
CPI forecast,2026Q3,0.659734731
CPI forecast,2026Q4,1.059765644
CPI forecast,2027Q1,1.337719208
CPI forecast,2027Q2,1.455702868
CPI forecast,2027Q3,1.661502739
CPI forecast,2027Q4,1.830263543
CPI forecast,2028Q1,1.996230597
CPI forecast index,2022Q4,126.685666667
CPI forecast index,2023Q1,127.129322615
CPI forecast index,2023Q2,129.211281325
CPI forecast index,2023Q3,129.815341795
CPI forecast index,2023Q4,130.336936277
CPI forecast index,2024Q1,129.075786206
CPI forecast index,2024Q2,130.241826877
CPI forecast index,2024Q3,130.553361422
CPI forecast index,2024Q4,131.046945531
CPI forecast index,2025Q1,129.755327551
CPI forecast index,2025Q2,130.248550054
CPI forecast index,2025Q3,130.575564266
CPI forecast index,2025Q4,130.940569253
CPI forecast index,2026Q1,129.716871709
CPI forecast index,2026Q2,130.643805479
CPI forecast index,2026Q3,131.437016614
CPI forecast index,2026Q4,132.328232420
CPI forecast index,2027Q1,131.452119217
CPI forecast index,2027Q2,132.545591103
CPI forecast index,2027Q3,133.620846245
CPI forecast index,2027Q4,134.750187815
CPI forecast index,2028Q1,134.076206642
CPI outturn,1997Q1,1.908957416
CPI outturn,1997Q2,1.596516691
CPI outturn,1997Q3,2.031930334
CPI outturn,1997Q4,1.729106628
CPI outturn,1998Q1,1.585014409
CPI outturn,1998Q2,1.857142857
CPI outturn,1998Q3,1.280227596
CPI outturn,1998Q4,1.416430595
CPI outturn,1999Q1,1.560283688
CPI outturn,1999Q2,1.402524544
CPI outturn,1999Q3,1.264044944
CPI outturn,1999Q4,1.256983240
CPI outturn,2000Q1,0.698324022
CPI outturn,2000Q2,0.553250346
CPI outturn,2000Q3,0.832177531
CPI outturn,2000Q4,0.965517241
CPI outturn,2001Q1,0.970873786
CPI outturn,2001Q2,1.513067400
CPI outturn,2001Q3,1.513067400
CPI outturn,2001Q4,0.956284153
CPI outturn,2002Q1,1.510989011
CPI outturn,2002Q2,0.948509485
CPI outturn,2002Q3,1.084010840
CPI outturn,2002Q4,1.488497970
CPI outturn,2003Q1,1.488497970
CPI outturn,2003Q2,1.342281879
CPI outturn,2003Q3,1.340482574
CPI outturn,2003Q4,1.333333333
CPI outturn,2004Q1,1.2
CPI outturn,2004Q2,1.324503311
CPI outturn,2004Q3,1.322751323
CPI outturn,2004Q4,1.447368421
CPI outturn,2005Q1,1.844532279
CPI outturn,2005Q2,1.960784314
CPI outturn,2005Q3,2.349869452
CPI outturn,2005Q4,2.204928664
CPI outturn,2006Q1,1.811125485
CPI outturn,2006Q2,2.307692308
CPI outturn,2006Q3,2.423469388
CPI outturn,2006Q4,2.664974619
CPI outturn,2007Q1,2.922490470
CPI outturn,2007Q2,2.506265664
CPI outturn,2007Q3,1.743462017
CPI outturn,2007Q4,2.101359703
CPI outturn,2008Q1,2.375720165
CPI outturn,2008Q2,3.419722901
CPI outturn,2008Q3,4.838841289
CPI outturn,2008Q4,3.824051655
CPI outturn,2009Q1,3.005551246
CPI outturn,2009Q2,2.088718321
CPI outturn,2009Q3,1.489726027
CPI outturn,2009Q4,2.103188793
CPI outturn,2010Q1,3.274536585
CPI outturn,2010Q2,3.456673858
CPI outturn,2010Q3,3.085264659
CPI outturn,2010Q4,3.376261482
CPI outturn,2011Q1,4.118409468
CPI outturn,2011Q2,4.377184768
CPI outturn,2011Q3,4.705877977
CPI outturn,2011Q4,4.645818910
CPI outturn,2012Q1,3.490237352
CPI outturn,2012Q2,2.755359530
CPI outturn,2012Q3,2.412561948
CPI outturn,2012Q4,2.669861915
CPI outturn,2013Q1,2.776365301
CPI outturn,2013Q2,2.679388224
CPI outturn,2013Q3,2.708862340
CPI outturn,2013Q4,2.102762897
CPI outturn,2014Q1,1.739151204
CPI outturn,2014Q2,1.720563426
CPI outturn,2014Q3,1.456000811
CPI outturn,2014Q4,0.935231995
CPI outturn,2015Q1,0.100613406
CPI outturn,2015Q2,-0.016651514
CPI outturn,2015Q3,0.009653923
CPI outturn,2015Q4,0.067181056
CPI outturn,2016Q1,0.346767358
CPI outturn,2016Q2,0.351405455
CPI outturn,2016Q3,0.726304402
CPI outturn,2016Q4,1.211106015
CPI outturn,2017Q1,2.143529679
CPI outturn,2017Q2,2.742981565
CPI outturn,2017Q3,2.816854865
CPI outturn,2017Q4,3.021745270
CPI outturn,2018Q1,2.717650674
CPI outturn,2018Q2,2.416473370
CPI outturn,2018Q3,2.515339198
CPI outturn,2018Q4,2.268206854
CPI outturn,2019Q1,1.875
CPI outturn,2019Q2,2.047807408
CPI outturn,2019Q3,1.832848942
CPI outturn,2019Q4,1.413459501
CPI outturn,2020Q1,1.667124811
CPI outturn,2020Q2,0.616665739
CPI outturn,2020Q3,0.596669366
CPI outturn,2020Q4,0.533531666
CPI outturn,2021Q1,0.609581865
CPI outturn,2021Q2,2.051863389
CPI outturn,2021Q3,2.771614214
CPI outturn,2021Q4,4.907448451
CPI outturn,2022Q1,6.219518526
CPI outturn,2022Q2,9.169205390
CPI outturn,2022Q3,10.022126463
CPI outturn,2022Q4,10.749545412
CPI outturn index,1996Q1,68.1
CPI outturn index,1996Q2,68.9
CPI outturn index,1996Q3,68.9
CPI outturn index,1996Q4,69.4
CPI outturn index,1997Q1,69.4
CPI outturn index,1997Q2,70
CPI outturn index,1997Q3,70.3
CPI outturn index,1997Q4,70.6
CPI outturn index,1998Q1,70.5
CPI outturn index,1998Q2,71.3
CPI outturn index,1998Q3,71.2
CPI outturn index,1998Q4,71.6
CPI outturn index,1999Q1,71.6
CPI outturn index,1999Q2,72.3
CPI outturn index,1999Q3,72.1
CPI outturn index,1999Q4,72.5
CPI outturn index,2000Q1,72.1
CPI outturn index,2000Q2,72.7
CPI outturn index,2000Q3,72.7
CPI outturn index,2000Q4,73.2
CPI outturn index,2001Q1,72.8
CPI outturn index,2001Q2,73.8
CPI outturn index,2001Q3,73.8
CPI outturn index,2001Q4,73.9
CPI outturn index,2002Q1,73.9
CPI outturn index,2002Q2,74.5
CPI outturn index,2002Q3,74.6
CPI outturn index,2002Q4,75
CPI outturn index,2003Q1,75
CPI outturn index,2003Q2,75.5
CPI outturn index,2003Q3,75.6
CPI outturn index,2003Q4,76
CPI outturn index,2004Q1,75.9
CPI outturn index,2004Q2,76.5
CPI outturn index,2004Q3,76.6
CPI outturn index,2004Q4,77.1
CPI outturn index,2005Q1,77.3
CPI outturn index,2005Q2,78
CPI outturn index,2005Q3,78.4
CPI outturn index,2005Q4,78.8
CPI outturn index,2006Q1,78.7
CPI outturn index,2006Q2,79.8
CPI outturn index,2006Q3,80.3
CPI outturn index,2006Q4,80.9
CPI outturn index,2007Q1,81
CPI outturn index,2007Q2,81.8
CPI outturn index,2007Q3,81.7
CPI outturn index,2007Q4,82.6
CPI outturn index,2008Q1,82.924333333
CPI outturn index,2008Q2,84.597333333
CPI outturn index,2008Q3,85.653333333
CPI outturn index,2008Q4,85.758666667
CPI outturn index,2009Q1,85.416666667
CPI outturn index,2009Q2,86.364333333
CPI outturn index,2009Q3,86.929333333
CPI outturn index,2009Q4,87.562333333
CPI outturn index,2010Q1,88.213666667
CPI outturn index,2010Q2,89.349666667
CPI outturn index,2010Q3,89.611333333
CPI outturn index,2010Q4,90.518666667
CPI outturn index,2011Q1,91.846666667
CPI outturn index,2011Q2,93.260666667
CPI outturn index,2011Q3,93.828333333
CPI outturn index,2011Q4,94.724
CPI outturn index,2012Q1,95.052333333
CPI outturn index,2012Q2,95.830333333
CPI outturn index,2012Q3,96.092
CPI outturn index,2012Q4,97.253
CPI outturn index,2013Q1,97.691333333
CPI outturn index,2013Q2,98.398
CPI outturn index,2013Q3,98.695
CPI outturn index,2013Q4,99.298
CPI outturn index,2014Q1,99.390333333
CPI outturn index,2014Q2,100.091
CPI outturn index,2014Q3,100.132
CPI outturn index,2014Q4,100.226666667
CPI outturn index,2015Q1,99.490333333
CPI outturn index,2015Q2,100.074333333
CPI outturn index,2015Q3,100.141666667
CPI outturn index,2015Q4,100.294
CPI outturn index,2016Q1,99.835333333
CPI outturn index,2016Q2,100.426
CPI outturn index,2016Q3,100.869
CPI outturn index,2016Q4,101.508666667
CPI outturn index,2017Q1,101.975333333
CPI outturn index,2017Q2,103.180666667
CPI outturn index,2017Q3,103.710333333
CPI outturn index,2017Q4,104.576
CPI outturn index,2018Q1,104.746666667
CPI outturn index,2018Q2,105.674
CPI outturn index,2018Q3,106.319
CPI outturn index,2018Q4,106.948
CPI outturn index,2019Q1,106.710666667
CPI outturn index,2019Q2,107.838
CPI outturn index,2019Q3,108.267666667
CPI outturn index,2019Q4,108.459666667
CPI outturn index,2020Q1,108.489666667
CPI outturn index,2020Q2,108.503
CPI outturn index,2020Q3,108.913666667
CPI outturn index,2020Q4,109.038333333
CPI outturn index,2021Q1,109.151
CPI outturn index,2021Q2,110.729333333
CPI outturn index,2021Q3,111.932333333
CPI outturn index,2021Q4,114.389333333
CPI outturn index,2022Q1,115.939666667
CPI outturn index,2022Q2,120.882333333
CPI outturn index,2022Q3,123.150333333
CPI outturn index,2022Q4,126.685666667
GDP deflator forecast,2022Q4,6.647940075
GDP deflator forecast,2023Q1,4.138697903
GDP deflator forecast,2023Q2,3.553706763
GDP deflator forecast,2023Q3,2.384729516
GDP deflator forecast,2023Q4,1.541709739
GDP deflator forecast,2024Q1,2.648184363
GDP deflator forecast,2024Q2,1.929663207
GDP deflator forecast,2024Q3,1.684799760
GDP deflator forecast,2024Q4,1.392756490
GDP deflator forecast,2025Q1,1.276313217
GDP deflator forecast,2025Q2,1.015053917
GDP deflator forecast,2025Q3,1.011223083
GDP deflator forecast,2025Q4,0.960479349
GDP deflator forecast,2026Q1,0.868531008
GDP deflator forecast,2026Q2,0.975453645
GDP deflator forecast,2026Q3,1.054639880
GDP deflator forecast,2026Q4,1.258819808
GDP deflator forecast,2027Q1,1.498396274
GDP deflator forecast,2027Q2,1.573414104
GDP deflator forecast,2027Q3,1.654445998
GDP deflator forecast,2027Q4,1.710978500
GDP deflator forecast,2028Q1,1.669496303
GDP deflator forecast index,2022Q4,113.9
GDP deflator forecast index,2023Q1,113.094625923
GDP deflator forecast index,2023Q2,114.426845974
GDP deflator forecast index,2023Q3,115.080435976
GDP deflator forecast index,2023Q4,115.656007392
GDP deflator forecast index,2024Q1,116.089580121
GDP deflator forecast index,2024Q2,116.634898720
GDP deflator forecast index,2024Q3,117.019310885
GDP deflator forecast index,2024Q4,117.266813942
GDP deflator forecast index,2025Q1,117.571246776
GDP deflator forecast index,2025Q2,117.818805828
GDP deflator forecast index,2025Q3,118.202637169
GDP deflator forecast index,2025Q4,118.393137472
GDP deflator forecast index,2026Q1,118.592389511
GDP deflator forecast index,2026Q2,118.968073664
GDP deflator forecast index,2026Q3,119.449249320
GDP deflator forecast index,2026Q4,119.883493738
GDP deflator forecast index,2027Q1,120.369373457
GDP deflator forecast index,2027Q2,120.839934115
GDP deflator forecast index,2027Q3,121.425472644
GDP deflator forecast index,2027Q4,121.934674541
GDP deflator forecast index,2028Q1,122.378935698
GDP deflator outturn,2010Q1,1.420118343
GDP deflator outturn,2010Q2,1.416765053
GDP deflator outturn,2010Q3,0.821596244
GDP deflator outturn,2010Q4,2.130177515
GDP deflator outturn,2011Q1,2.333722287
GDP deflator outturn,2011Q2,1.513387660
GDP deflator outturn,2011Q3,2.328288708
GDP deflator outturn,2011Q4,2.317497103
GDP deflator outturn,2012Q1,1.026225770
GDP deflator outturn,2012Q2,1.949541284
GDP deflator outturn,2012Q3,1.478953356
GDP deflator outturn,2012Q4,1.359003398
GDP deflator outturn,2013Q1,2.031602709
GDP deflator outturn,2013Q2,2.024746907
GDP deflator outturn,2013Q3,2.578475336
GDP deflator outturn,2013Q4,2.122905028
GDP deflator outturn,2014Q1,1.659292035
GDP deflator outturn,2014Q2,0.992282249
GDP deflator outturn,2014Q3,1.202185792
GDP deflator outturn,2014Q4,1.312910284
GDP deflator outturn,2015Q1,0.979325354
GDP deflator outturn,2015Q2,0.873362445
GDP deflator outturn,2015Q3,0.215982721
GDP deflator outturn,2015Q4,0.755939525
GDP deflator outturn,2016Q1,1.185344828
GDP deflator outturn,2016Q2,1.731601732
GDP deflator outturn,2016Q3,2.155172414
GDP deflator outturn,2016Q4,2.250803859
GDP deflator outturn,2017Q1,2.023429180
GDP deflator outturn,2017Q2,2.127659574
GDP deflator outturn,2017Q3,1.476793249
GDP deflator outturn,2017Q4,1.677148847
GDP deflator outturn,2018Q1,1.461377871
GDP deflator outturn,2018Q2,1.770833333
GDP deflator outturn,2018Q3,1.871101871
GDP deflator outturn,2018Q4,1.855670103
GDP deflator outturn,2019Q1,1.748971193
GDP deflator outturn,2019Q2,2.047082907
GDP deflator outturn,2019Q3,2.346938776
GDP deflator outturn,2019Q4,2.327935223
GDP deflator outturn,2020Q1,3.640040445
GDP deflator outturn,2020Q2,10.531594784
GDP deflator outturn,2020Q3,5.782652044
GDP deflator outturn,2020Q4,4.747774481
GDP deflator outturn,2021Q1,4.097560976
GDP deflator outturn,2021Q2,-4.990925590
GDP deflator outturn,2021Q3,-0.471253534
GDP deflator outturn,2021Q4,0.849858357
GDP deflator outturn,2022Q1,1.780693533
GDP deflator outturn,2022Q2,5.539637058
GDP deflator outturn,2022Q3,6.439393939
GDP deflator outturn,2022Q4,6.647940075
GDP deflator outturn index,1996Q1,63.5
GDP deflator outturn index,1996Q2,64.7
GDP deflator outturn index,1996Q3,65.2
GDP deflator outturn index,1996Q4,65.6
GDP deflator outturn index,1997Q1,64.5
GDP deflator outturn index,1997Q2,64.5
GDP deflator outturn index,1997Q3,65.8
GDP deflator outturn index,1997Q4,64.6
GDP deflator outturn index,1998Q1,65.2
GDP deflator outturn index,1998Q2,65.5
GDP deflator outturn index,1998Q3,66.1
GDP deflator outturn index,1998Q4,66.5
GDP deflator outturn index,1999Q1,66.6
GDP deflator outturn index,1999Q2,66.8
GDP deflator outturn index,1999Q3,66.6
GDP deflator outturn index,1999Q4,67.1
GDP deflator outturn index,2000Q1,67.5
GDP deflator outturn index,2000Q2,67.5
GDP deflator outturn index,2000Q3,67.8
GDP deflator outturn index,2000Q4,67.8
GDP deflator outturn index,2001Q1,68.3
GDP deflator outturn index,2001Q2,69
GDP deflator outturn index,2001Q3,69.2
GDP deflator outturn index,2001Q4,69.1
GDP deflator outturn index,2002Q1,69.8
GDP deflator outturn index,2002Q2,70.3
GDP deflator outturn index,2002Q3,70.6
GDP deflator outturn index,2002Q4,71.1
GDP deflator outturn index,2003Q1,71.4
GDP deflator outturn index,2003Q2,72.2
GDP deflator outturn index,2003Q3,72.5
GDP deflator outturn index,2003Q4,72.6
GDP deflator outturn index,2004Q1,72.9
GDP deflator outturn index,2004Q2,74
GDP deflator outturn index,2004Q3,74.1
GDP deflator outturn index,2004Q4,75.4
GDP deflator outturn index,2005Q1,75.5
GDP deflator outturn index,2005Q2,76.4
GDP deflator outturn index,2005Q3,76.6
GDP deflator outturn index,2005Q4,76.8
GDP deflator outturn index,2006Q1,77.4
GDP deflator outturn index,2006Q2,78.5
GDP deflator outturn index,2006Q3,79.4
GDP deflator outturn index,2006Q4,79.2
GDP deflator outturn index,2007Q1,79.4
GDP deflator outturn index,2007Q2,80.8
GDP deflator outturn index,2007Q3,80.9
GDP deflator outturn index,2007Q4,80.8
GDP deflator outturn index,2008Q1,81.5
GDP deflator outturn index,2008Q2,82.6
GDP deflator outturn index,2008Q3,83.9
GDP deflator outturn index,2008Q4,84.7
GDP deflator outturn index,2009Q1,84.5
GDP deflator outturn index,2009Q2,84.7
GDP deflator outturn index,2009Q3,85.2
GDP deflator outturn index,2009Q4,84.5
GDP deflator outturn index,2010Q1,85.7
GDP deflator outturn index,2010Q2,85.9
GDP deflator outturn index,2010Q3,85.9
GDP deflator outturn index,2010Q4,86.3
GDP deflator outturn index,2011Q1,87.7
GDP deflator outturn index,2011Q2,87.2
GDP deflator outturn index,2011Q3,87.9
GDP deflator outturn index,2011Q4,88.3
GDP deflator outturn index,2012Q1,88.6
GDP deflator outturn index,2012Q2,88.9
GDP deflator outturn index,2012Q3,89.2
GDP deflator outturn index,2012Q4,89.5
GDP deflator outturn index,2013Q1,90.4
GDP deflator outturn index,2013Q2,90.7
GDP deflator outturn index,2013Q3,91.5
GDP deflator outturn index,2013Q4,91.4
GDP deflator outturn index,2014Q1,91.9
GDP deflator outturn index,2014Q2,91.6
GDP deflator outturn index,2014Q3,92.6
GDP deflator outturn index,2014Q4,92.6
GDP deflator outturn index,2015Q1,92.8
GDP deflator outturn index,2015Q2,92.4
GDP deflator outturn index,2015Q3,92.8
GDP deflator outturn index,2015Q4,93.3
GDP deflator outturn index,2016Q1,93.9
GDP deflator outturn index,2016Q2,94
GDP deflator outturn index,2016Q3,94.8
GDP deflator outturn index,2016Q4,95.4
GDP deflator outturn index,2017Q1,95.8
GDP deflator outturn index,2017Q2,96
GDP deflator outturn index,2017Q3,96.2
GDP deflator outturn index,2017Q4,97
GDP deflator outturn index,2018Q1,97.2
GDP deflator outturn index,2018Q2,97.7
GDP deflator outturn index,2018Q3,98
GDP deflator outturn index,2018Q4,98.8
GDP deflator outturn index,2019Q1,98.9
GDP deflator outturn index,2019Q2,99.7
GDP deflator outturn index,2019Q3,100.3
GDP deflator outturn index,2019Q4,101.1
GDP deflator outturn index,2020Q1,102.5
GDP deflator outturn index,2020Q2,110.2
GDP deflator outturn index,2020Q3,106.1
GDP deflator outturn index,2020Q4,105.9
GDP deflator outturn index,2021Q1,106.7
GDP deflator outturn index,2021Q2,104.7
GDP deflator outturn index,2021Q3,105.6
GDP deflator outturn index,2021Q4,106.8
GDP deflator outturn index,2022Q1,108.6
GDP deflator outturn index,2022Q2,110.5
GDP deflator outturn index,2022Q3,112.4
GDP deflator outturn index,2022Q4,113.9
RPI forecast,2022Q4,13.866525303
RPI forecast,2023Q1,12.914559691
RPI forecast,2023Q2,10.104642592
RPI forecast,2023Q3,8.103335046
RPI forecast,2023Q4,4.884945576
RPI forecast,2024Q1,2.677735134
RPI forecast,2024Q2,1.587368519
RPI forecast,2024Q3,1.188805166
RPI forecast,2024Q4,1.070778192
RPI forecast,2025Q1,1.091318891
RPI forecast,2025Q2,0.753859970
RPI forecast,2025Q3,0.967843008
RPI forecast,2025Q4,1.078135950
RPI forecast,2026Q1,1.190953436
RPI forecast,2026Q2,1.545404911
RPI forecast,2026Q3,1.882796050
RPI forecast,2026Q4,2.282761613
RPI forecast,2027Q1,2.591835769
RPI forecast,2027Q2,2.722703519
RPI forecast,2027Q3,2.908785408
RPI forecast,2027Q4,2.977743203
RPI forecast,2028Q1,3.087982539
RPI forecast index,2022Q4,358.3
RPI forecast index,2023Q1,361.853526
RPI forecast index,2023Q2,371.309556
RPI forecast index,2023Q3,373.31685
RPI forecast index,2023Q4,375.80276
RPI forecast index,2024Q1,371.543005
RPI forecast index,2024Q2,377.203607
RPI forecast index,2024Q3,377.75486
RPI forecast index,2024Q4,379.826774
RPI forecast index,2025Q1,375.597724
RPI forecast index,2025Q2,380.047194
RPI forecast index,2025Q3,381.410934
RPI forecast index,2025Q4,383.921823
RPI forecast index,2026Q1,380.070918
RPI forecast index,2026Q2,385.920462
RPI forecast index,2026Q3,388.592124
RPI forecast index,2026Q4,392.685843
RPI forecast index,2027Q1,389.921732
RPI forecast index,2027Q2,396.427932
RPI forecast index,2027Q3,399.895435
RPI forecast index,2027Q4,404.379019
RPI forecast index,2028Q1,401.962447
RPI outturn,1997Q1,2.650762094
RPI outturn,1997Q2,2.683246073
RPI outturn,1997Q3,3.461789680
RPI outturn,1997Q4,3.701298701
RPI outturn,1998Q1,3.421562298
RPI outturn,1998Q2,4.015296367
RPI outturn,1998Q3,3.345959596
RPI outturn,1998Q4,2.943018159
RPI outturn,1999Q1,2.184769039
RPI outturn,1999Q2,1.409313725
RPI outturn,1999Q3,1.160659743
RPI outturn,1999Q4,1.459854015
RPI outturn,2000Q1,2.321319487
RPI outturn,2000Q2,3.081570997
RPI outturn,2000Q3,3.200483092
RPI outturn,2000Q4,3.117505995
RPI outturn,2001Q1,2.567164179
RPI outturn,2001Q2,1.934349355
RPI outturn,2001Q3,1.813926273
RPI outturn,2001Q4,1.046511628
RPI outturn,2002Q1,1.222351572
RPI outturn,2002Q2,1.207590569
RPI outturn,2002Q3,1.494252874
RPI outturn,2002Q4,2.531645570
RPI outturn,2003Q1,3.047728580
RPI outturn,2003Q2,3.011363636
RPI outturn,2003Q3,2.944507361
RPI outturn,2003Q4,2.637485971
RPI outturn,2004Q1,2.566964286
RPI outturn,2004Q2,2.757859901
RPI outturn,2004Q3,3.080308031
RPI outturn,2004Q4,3.444505194
RPI outturn,2005Q1,3.210010881
RPI outturn,2005Q2,3.005904455
RPI outturn,2005Q3,2.774813234
RPI outturn,2005Q4,2.378435518
RPI outturn,2006Q1,2.372166579
RPI outturn,2006Q2,2.970297030
RPI outturn,2006Q3,3.478712357
RPI outturn,2006Q4,3.975219411
RPI outturn,2007Q1,4.531410917
RPI outturn,2007Q2,4.402834008
RPI outturn,2007Q3,3.913697943
RPI outturn,2007Q4,4.170804369
RPI outturn,2008Q1,3.990147783
RPI outturn,2008Q2,4.362578769
RPI outturn,2008Q3,4.957347497
RPI outturn,2008Q4,2.732761360
RPI outturn,2009Q1,-0.078951524
RPI outturn,2009Q2,-1.269546369
RPI outturn,2009Q3,-1.380156418
RPI outturn,2009Q4,0.618620476
RPI outturn,2010Q1,3.950695322
RPI outturn,2010Q2,5.143484397
RPI outturn,2010Q3,4.711553413
RPI outturn,2010Q4,4.672609899
RPI outturn,2011Q1,5.320766190
RPI outturn,2011Q2,5.115585384
RPI outturn,2011Q3,5.242055242
RPI outturn,2011Q4,5.124816446
RPI outturn,2012Q1,3.738452656
RPI outturn,2012Q2,3.107264472
RPI outturn,2012Q3,2.906730634
RPI outturn,2012Q4,3.087023327
RPI outturn,2013Q1,3.255878670
RPI outturn,2013Q2,3.096188248
RPI outturn,2013Q3,3.194844371
RPI outturn,2013Q4,2.628726287
RPI outturn,2014Q1,2.627678210
RPI outturn,2014Q2,2.495995729
RPI outturn,2014Q3,2.391708743
RPI outturn,2014Q4,1.967256403
RPI outturn,2015Q1,0.997899160
RPI outturn,2015Q2,0.976689673
RPI outturn,2015Q3,0.960290683
RPI outturn,2015Q4,0.984073547
RPI outturn,2016Q1,1.391055642
RPI outturn,2016Q2,1.444415785
RPI outturn,2016Q3,1.889460154
RPI outturn,2016Q4,2.243877420
RPI outturn,2017Q1,2.987562380
RPI outturn,2017Q2,3.559623570
RPI outturn,2017Q3,3.784533745
RPI outturn,2017Q4,3.987960873
RPI outturn,2018Q1,3.635458421
RPI outturn,2018Q2,3.351338084
RPI outturn,2018Q3,3.318342049
RPI outturn,2018Q4,3.075253256
RPI outturn,2019Q1,2.486785196
RPI outturn,2019Q2,2.981351827
RPI outturn,2019Q3,2.611764709
RPI outturn,2019Q4,2.176202176
RPI outturn,2020Q1,2.590551867
RPI outturn,2020Q2,1.211072664
RPI outturn,2020Q3,1.100664986
RPI outturn,2020Q4,1.133631055
RPI outturn,2021Q1,1.405393055
RPI outturn,2021Q2,3.361823248
RPI outturn,2021Q3,4.502154916
RPI outturn,2021Q4,6.884058084
RPI outturn,2022Q1,8.326760798
RPI outturn,2022Q2,11.543550178
RPI outturn,2022Q3,12.425393150
RPI outturn,2022Q4,13.866525303
RPI outturn index,1996Q1,150.9
RPI outturn index,1996Q2,152.8
RPI outturn index,1996Q3,153.1
RPI outturn index,1996Q4,154
RPI outturn index,1997Q1,154.9
RPI outturn index,1997Q2,156.9
RPI outturn index,1997Q3,158.4
RPI outturn index,1997Q4,159.7
RPI outturn index,1998Q1,160.2
RPI outturn index,1998Q2,163.2
RPI outturn index,1998Q3,163.7
RPI outturn index,1998Q4,164.4
RPI outturn index,1999Q1,163.7
RPI outturn index,1999Q2,165.5
RPI outturn index,1999Q3,165.6
RPI outturn index,1999Q4,166.8
RPI outturn index,2000Q1,167.5
RPI outturn index,2000Q2,170.6
RPI outturn index,2000Q3,170.9
RPI outturn index,2000Q4,172
RPI outturn index,2001Q1,171.8
RPI outturn index,2001Q2,173.9
RPI outturn index,2001Q3,174
RPI outturn index,2001Q4,173.8
RPI outturn index,2002Q1,173.9
RPI outturn index,2002Q2,176
RPI outturn index,2002Q3,176.6
RPI outturn index,2002Q4,178.2
RPI outturn index,2003Q1,179.2
RPI outturn index,2003Q2,181.3
RPI outturn index,2003Q3,181.8
RPI outturn index,2003Q4,182.9
RPI outturn index,2004Q1,183.8
RPI outturn index,2004Q2,186.3
RPI outturn index,2004Q3,187.4
RPI outturn index,2004Q4,189.2
RPI outturn index,2005Q1,189.7
RPI outturn index,2005Q2,191.9
RPI outturn index,2005Q3,192.6
RPI outturn index,2005Q4,193.7
RPI outturn index,2006Q1,194.2
RPI outturn index,2006Q2,197.6
RPI outturn index,2006Q3,199.3
RPI outturn index,2006Q4,201.4
RPI outturn index,2007Q1,203
RPI outturn index,2007Q2,206.3
RPI outturn index,2007Q3,207.1
RPI outturn index,2007Q4,209.8
RPI outturn index,2008Q1,211.1
RPI outturn index,2008Q2,215.3
RPI outturn index,2008Q3,217.366666667
RPI outturn index,2008Q4,215.533333333
RPI outturn index,2009Q1,210.933333333
RPI outturn index,2009Q2,212.566666667
RPI outturn index,2009Q3,214.366666667
RPI outturn index,2009Q4,216.866666667
RPI outturn index,2010Q1,219.266666667
RPI outturn index,2010Q2,223.5
RPI outturn index,2010Q3,224.466666667
RPI outturn index,2010Q4,227
RPI outturn index,2011Q1,230.933333333
RPI outturn index,2011Q2,234.933333333
RPI outturn index,2011Q3,236.233333333
RPI outturn index,2011Q4,238.633333333
RPI outturn index,2012Q1,239.566666667
RPI outturn index,2012Q2,242.233333333
RPI outturn index,2012Q3,243.1
RPI outturn index,2012Q4,246
RPI outturn index,2013Q1,247.366666667
RPI outturn index,2013Q2,249.733333333
RPI outturn index,2013Q3,250.866666667
RPI outturn index,2013Q4,252.466666667
RPI outturn index,2014Q1,253.866666667
RPI outturn index,2014Q2,255.966666667
RPI outturn index,2014Q3,256.866666667
RPI outturn index,2014Q4,257.433333333
RPI outturn index,2015Q1,256.4
RPI outturn index,2015Q2,258.466666667
RPI outturn index,2015Q3,259.333333333
RPI outturn index,2015Q4,259.966666667
RPI outturn index,2016Q1,259.966666667
RPI outturn index,2016Q2,262.2
RPI outturn index,2016Q3,264.233333333
RPI outturn index,2016Q4,265.8
RPI outturn index,2017Q1,267.733333
RPI outturn index,2017Q2,271.533333
RPI outturn index,2017Q3,274.233333
RPI outturn index,2017Q4,276.4
RPI outturn index,2018Q1,277.466667
RPI outturn index,2018Q2,280.633333
RPI outturn index,2018Q3,283.333333
RPI outturn index,2018Q4,284.9
RPI outturn index,2019Q1,284.366667
RPI outturn index,2019Q2,289
RPI outturn index,2019Q3,290.733333
RPI outturn index,2019Q4,291.1
RPI outturn index,2020Q1,291.733333
RPI outturn index,2020Q2,292.5
RPI outturn index,2020Q3,293.933333
RPI outturn index,2020Q4,294.4
RPI outturn index,2021Q1,295.833333
RPI outturn index,2021Q2,302.333333
RPI outturn index,2021Q3,307.166667
RPI outturn index,2021Q4,314.666667
RPI outturn index,2022Q1,320.466667
RPI outturn index,2022Q2,337.233333
RPI outturn index,2022Q3,345.333333
RPI outturn index,2022Q4,358.3
RPIX forecast,2022Q4,13.423243072
RPIX forecast,2023Q1,12.014449092
RPIX forecast,2023Q2,8.915053031
RPIX forecast,2023Q3,6.708732634
RPIX forecast,2023Q4,3.517924353
RPIX forecast,2024Q1,1.486516578
RPIX forecast,2024Q2,0.678730344
RPIX forecast,2024Q3,0.593338307
RPIX forecast,2024Q4,0.750521788
RPIX forecast,2025Q1,0.946821161
RPIX forecast,2025Q2,0.614280066
RPIX forecast,2025Q3,0.805497399
RPIX forecast,2025Q4,0.842333598
RPIX forecast,2026Q1,0.974284058
RPIX forecast,2026Q2,1.360636367
RPIX forecast,2026Q3,1.745477229
RPIX forecast,2026Q4,2.170116140
RPIX forecast,2027Q1,2.457785188
RPIX forecast,2027Q2,2.582464565
RPIX forecast,2027Q3,2.794262225
RPIX forecast,2027Q4,2.962933253
RPIX forecast,2028Q1,3.133710456
RPIX forecast index,2022Q4,358.833333333
RPIX forecast index,2023Q1,360.947893125
RPIX forecast index,2023Q2,369.330944829
RPIX forecast index,2023Q3,369.994745620
RPIX forecast index,2023Q4,371.456818554
RPIX forecast index,2024Q1,366.313443395
RPIX forecast index,2024Q2,371.837706020
RPIX forecast index,2024Q3,372.190066181
RPIX forecast index,2024Q4,374.244682911
RPIX forecast index,2025Q1,369.781776594
RPIX forecast index,2025Q2,374.121830926
RPIX forecast index,2025Q3,375.188047484
RPIX forecast index,2025Q4,377.397071615
RPIX forecast index,2026Q1,373.384501493
RPIX forecast index,2026Q2,379.212268614
RPIX forecast index,2026Q3,381.736869418
RPIX forecast index,2026Q4,385.587026377
RPIX forecast index,2027Q1,382.561490465
RPIX forecast index,2027Q2,389.005291079
RPIX forecast index,2027Q3,392.403598559
RPIX forecast index,2027Q4,397.011712601
RPIX forecast index,2028Q1,394.549859892
RPIX outturn,1997Q1,2.864756829
RPIX outturn,1997Q2,2.559055118
RPIX outturn,1997Q3,2.814136126
RPIX outturn,1997Q4,2.795838752
RPIX outturn,1998Q1,2.590673575
RPIX outturn,1998Q2,2.943058221
RPIX outturn,1998Q3,2.546148950
RPIX outturn,1998Q4,2.530044276
RPIX outturn,1999Q1,2.525252525
RPIX outturn,1999Q2,2.299564947
RPIX outturn,1999Q3,2.172563625
RPIX outturn,1999Q4,2.159161012
RPIX outturn,2000Q1,2.093596059
RPIX outturn,2000Q2,2.065613609
RPIX outturn,2000Q3,2.126366950
RPIX outturn,2000Q4,2.113526570
RPIX outturn,2001Q1,1.869722557
RPIX outturn,2001Q2,2.261904762
RPIX outturn,2001Q3,2.379535990
RPIX outturn,2001Q4,1.951507983
RPIX outturn,2002Q1,2.368265246
RPIX outturn,2002Q2,1.862630966
RPIX outturn,2002Q3,1.975595584
RPIX outturn,2002Q4,2.610208817
RPIX outturn,2003Q1,2.891844997
RPIX outturn,2003Q2,2.914285714
RPIX outturn,2003Q3,2.849002849
RPIX outturn,2003Q4,2.600339175
RPIX outturn,2004Q1,2.304665542
RPIX outturn,2004Q2,2.165463631
RPIX outturn,2004Q3,2.105263158
RPIX outturn,2004Q4,2.258953168
RPIX outturn,2005Q1,2.197802198
RPIX outturn,2005Q2,2.228260870
RPIX outturn,2005Q3,2.387411829
RPIX outturn,2005Q4,2.262931034
RPIX outturn,2006Q1,2.204301075
RPIX outturn,2006Q2,2.817650186
RPIX outturn,2006Q3,3.232644409
RPIX outturn,2006Q4,3.477344573
RPIX outturn,2007Q1,3.734876381
RPIX outturn,2007Q2,3.412616339
RPIX outturn,2007Q3,2.720739220
RPIX outturn,2007Q4,3.105906314
RPIX outturn,2008Q1,3.498985801
RPIX outturn,2008Q2,4.383333333
RPIX outturn,2008Q3,5.347326337
RPIX outturn,2008Q4,3.786008230
RPIX outturn,2009Q1,2.384452066
RPIX outturn,2009Q2,1.437011017
RPIX outturn,2009Q3,1.312460468
RPIX outturn,2009Q4,2.791435369
RPIX outturn,2010Q1,4.546179614
RPIX outturn,2010Q2,5.162915158
RPIX outturn,2010Q3,4.682378648
RPIX outturn,2010Q4,4.659774726
RPIX outturn,2011Q1,5.340250229
RPIX outturn,2011Q2,5.178865439
RPIX outturn,2011Q3,5.352616669
RPIX outturn,2011Q4,5.277900634
RPIX outturn,2012Q1,3.823870220
RPIX outturn,2012Q2,3.145012096
RPIX outturn,2012Q3,2.901217096
RPIX outturn,2012Q4,3.010782804
RPIX outturn,2013Q1,3.236607143
RPIX outturn,2013Q2,3.062913907
RPIX outturn,2013Q3,3.218264338
RPIX outturn,2013Q4,2.705274606
RPIX outturn,2014Q1,2.675675676
RPIX outturn,2014Q2,2.597054886
RPIX outturn,2014Q3,2.478347768
RPIX outturn,2014Q4,2.025148908
RPIX outturn,2015Q1,1.026585944
RPIX outturn,2015Q2,1.004697286
RPIX outturn,2015Q3,1.027174620
RPIX outturn,2015Q4,1.050856253
RPIX outturn,2016Q1,1.472120896
RPIX outturn,2016Q2,1.524350859
RPIX outturn,2016Q3,2.007722008
RPIX outturn,2016Q4,2.477853383
RPIX outturn,2017Q1,3.261009115
RPIX outturn,2017Q2,3.830003817
RPIX outturn,2017Q3,4.024728741
RPIX outturn,2017Q4,4.096717615
RPIX outturn,2018Q1,3.680218824
RPIX outturn,2018Q2,3.382352941
RPIX outturn,2018Q3,3.298969072
RPIX outturn,2018Q4,3.008785654
RPIX outturn,2019Q1,2.446336491
RPIX outturn,2019Q2,2.939781887
RPIX outturn,2019Q3,2.583069156
RPIX outturn,2019Q4,2.219885501
RPIX outturn,2020Q1,2.668851691
RPIX outturn,2020Q2,1.381851681
RPIX outturn,2020Q3,1.339132425
RPIX outturn,2020Q4,1.360155446
RPIX outturn,2021Q1,1.596169194
RPIX outturn,2021Q2,3.509768287
RPIX outturn,2021Q3,4.596792410
RPIX outturn,2021Q4,7.025259359
RPIX outturn,2022Q1,8.483896308
RPIX outturn,2022Q2,11.631734884
RPIX outturn,2022Q3,12.320483749
RPIX outturn,2022Q4,13.423243072
