Area,Increase,Band A,Band B,Band C,Band D,Band E,Band F,Band G,Band H,Band I,notes
Adur,4.78%,"£1,371.56 ","£1,600.15 ","£1,828.74 ","£2,057.34 ","£2,514.53 ","£2,971.71 ","£3,428.90 ","£4,114.68 ",,ENGLAND
Allerdale,3.70%,"£1,355.35 ","£1,581.24 ","£1,807.14 ","£2,033.03 ","£2,484.81 ","£2,936.60 ","£3,388.38 ","£4,066.06 ",,"*Table does not include contributions to parish precepts, fire brigade, social care and any other contributions payable in addition to Council Tax."
Amber Valley,3.26%,"£1,296.43 ","£1,512.50 ","£1,728.58 ","£1,944.65 ","£2,376.79 ","£2,808.94 ","£3,241.08 ","£3,889.30 ",,
Arun,4.84%,"£1,329.91 ","£1,551.56 ","£1,773.21 ","£1,994.86 ","£2,438.16 ","£2,881.46 ","£3,324.77 ","£3,989.72 ",,"Note: The non-metropolitan county of Northamptonshire, together with its seven districts, has been dissolved and two new unitary authorities have been created (as of 1 April 2021):"
Ashfield,3.05%,"£1,404.73 ","£1,638.85 ","£1,872.97 ","£2,107.09 ","£2,575.33 ","£3,043.57 ","£3,511.82 ","£4,214.18 ",,
Ashford,5.00%,"£1,293.84 ","£1,509.48 ","£1,725.12 ","£1,940.76 ","£2,372.04 ","£2,803.32 ","£3,234.60 ","£3,881.52 ",,"North Northamptonshire: comprised of Corby, East Northamptonshire, Kettering and Wellingborough"
Babergh,4.20%,"£1,264.48 ","£1,475.23 ","£1,685.97 ","£1,896.72 ","£2,318.21 ","£2,739.71 ","£3,161.20 ","£3,793.44 ",,"West Northamptonshire: comprised of Daventry, Northampton and South Northamptonshire"
Barking & Dagenham,5.92%,"£1,141.71 ","£1,332.00 ","£1,522.28 ","£1,712.57 ","£2,093.14 ","£2,473.71 ","£2,854.28 ","£3,425.14 ",,
Barnet,5.93%,"£1,133.99 ","£1,322.99 ","£1,511.99 ","£1,700.99 ","£2,078.99 ","£2,456.98 ","£2,834.98 ","£3,401.98 ",,WALES
Barnsley,3.38%,"£1,254.57 ","£1,463.66 ","£1,672.75 ","£1,881.85 ","£2,300.04 ","£2,718.23 ","£3,136.42 ","£3,763.70 ",,"*Table does not include contributions to parish council precepts, fire brigade, social care and any other contributions payable in addition to Council Tax."
Barrow-in-Furness,3.52%,"£1,348.53 ","£1,573.29 ","£1,798.04 ","£2,022.80 ","£2,472.31 ","£2,921.82 ","£3,371.33 ","£4,045.60 ",,
Basildon,1.59%,"£1,273.39 ","£1,485.62 ","£1,697.85 ","£1,910.08 ","£2,334.54 ","£2,759.00 ","£3,183.47 ","£3,820.16 ",,Scotland
Basingstoke & Deane,5.06%,"£1,201.33 ","£1,401.55 ","£1,601.78 ","£1,802.00 ","£2,202.44 ","£2,602.89 ","£3,003.33 ","£3,604.00 ",,Note: Scotland has frozen all rates for 2021-22.
Bassetlaw,3.38%,"£1,419.24 ","£1,655.78 ","£1,892.32 ","£2,128.86 ","£2,601.94 ","£3,075.02 ","£3,548.10 ","£4,257.72 ",,
Bath & North East Somerset,4.91%,"£1,260.91 ","£1,471.06 ","£1,681.21 ","£1,891.36 ","£2,311.66 ","£2,731.96 ","£3,152.27 ","£3,782.72 ",,
Bedford,4.04%,"£1,323.55 ","£1,544.14 ","£1,764.74 ","£1,985.33 ","£2,426.51 ","£2,867.70 ","£3,308.88 ","£3,970.66 ",,
Bexley,5.85%,"£1,231.15 ","£1,436.34 ","£1,641.53 ","£1,846.72 ","£2,257.10 ","£2,667.48 ","£3,077.87 ","£3,693.44 ",,
Birmingham,5.26%,"£1,170.36 ","£1,365.42 ","£1,560.48 ","£1,755.54 ","£2,145.66 ","£2,535.78 ","£2,925.90 ","£3,511.08 ",,
Blaby,4.85%,"£1,342.36 ","£1,566.09 ","£1,789.81 ","£2,013.54 ","£2,460.99 ","£2,908.45 ","£3,355.90 ","£4,027.08 ",,
Blackburn with Darwen,4.26%,"£1,290.73 ","£1,505.85 ","£1,720.97 ","£1,936.09 ","£2,366.33 ","£2,796.57 ","£3,226.82 ","£3,872.18 ",,
Blackpool,5.11%,"£1,331.90 ","£1,553.88 ","£1,775.86 ","£1,997.85 ","£2,441.82 ","£2,885.78 ","£3,329.75 ","£3,995.70 ",,
Bolsover,2.96%,"£1,359.85 ","£1,586.49 ","£1,813.14 ","£2,039.78 ","£2,493.06 ","£2,946.35 ","£3,399.63 ","£4,079.56 ",,
Bolton,3.72%,"£1,259.08 ","£1,468.93 ","£1,678.77 ","£1,888.62 ","£2,308.31 ","£2,728.01 ","£3,147.70 ","£3,777.24 ",,
Boston,2.54%,"£1,259.15 ","£1,469.01 ","£1,678.87 ","£1,888.73 ","£2,308.45 ","£2,728.16 ","£3,147.88 ","£3,777.46 ",,
Bracknell Forest,3.82%,"£1,187.71 ","£1,385.66 ","£1,583.62 ","£1,781.57 ","£2,177.47 ","£2,573.38 ","£2,969.28 ","£3,563.14 ",,
Bradford,5.19%,"£1,197.46 ","£1,397.04 ","£1,596.61 ","£1,796.19 ","£2,195.34 ","£2,594.50 ","£2,993.65 ","£3,592.38 ",,
Braintree,1.72%,"£1,236.60 ","£1,442.70 ","£1,648.80 ","£1,854.90 ","£2,267.10 ","£2,679.30 ","£3,091.50 ","£3,709.80 ",,
Breckland,4.10%,"£1,299.07 ","£1,515.58 ","£1,732.09 ","£1,948.60 ","£2,381.62 ","£2,814.64 ","£3,247.67 ","£3,897.20 ",,
Brent,5.90%,"£1,161.28 ","£1,354.83 ","£1,548.37 ","£1,741.92 ","£2,129.01 ","£2,516.11 ","£2,903.20 ","£3,483.84 ",,
Brentwood,1.68%,"£1,223.41 ","£1,427.31 ","£1,631.22 ","£1,835.12 ","£2,242.92 ","£2,650.73 ","£3,058.53 ","£3,670.24 ",,
Brighton & Hove,5.10%,"£1,370.07 ","£1,598.41 ","£1,826.75 ","£2,055.10 ","£2,511.79 ","£2,968.48 ","£3,425.17 ","£4,110.20 ",,
Bristol,4.98%,"£1,442.43 ","£1,682.84 ","£1,923.24 ","£2,163.65 ","£2,644.46 ","£3,125.27 ","£3,606.08 ","£4,327.30 ",,
Broadland,4.15%,"£1,312.69 ","£1,531.47 ","£1,750.25 ","£1,969.03 ","£2,406.59 ","£2,844.15 ","£3,281.72 ","£3,938.06 ",,
Bromley,5.93%,"£1,127.68 ","£1,315.63 ","£1,503.57 ","£1,691.52 ","£2,067.41 ","£2,443.31 ","£2,819.20 ","£3,383.04 ",,
Bromsgrove,3.05%,"£1,288.67 ","£1,503.44 ","£1,718.22 ","£1,933.00 ","£2,362.56 ","£2,792.11 ","£3,221.67 ","£3,866.00 ",,
Broxbourne,4.37%,"£1,217.91 ","£1,420.90 ","£1,623.88 ","£1,826.87 ","£2,232.84 ","£2,638.81 ","£3,044.78 ","£3,653.74 ",,
Broxtowe,3.35%,"£1,404.89 ","£1,639.04 ","£1,873.19 ","£2,107.34 ","£2,575.64 ","£3,043.93 ","£3,512.23 ","£4,214.68 ",,
Buckinghamshire,4.18%,"£1,321.57 ","£1,541.83 ","£1,762.10 ","£1,982.36 ","£2,422.88 ","£2,863.41 ","£3,303.93 ","£3,964.72 ",,
Burnley,3.93%,"£1,382.95 ","£1,613.44 ","£1,843.94 ","£2,074.43 ","£2,535.41 ","£2,996.40 ","£3,457.38 ","£4,148.86 ",,
Bury,4.69%,"£1,333.95 ","£1,556.27 ","£1,778.59 ","£2,000.92 ","£2,445.57 ","£2,890.22 ","£3,334.87 ","£4,001.84 ",,
Calderdale,5.15%,"£1,277.63 ","£1,490.57 ","£1,703.51 ","£1,916.45 ","£2,342.33 ","£2,768.20 ","£3,194.08 ","£3,832.90 ",,
Cambridge,3.32%,"£1,285.59 ","£1,499.86 ","£1,714.12 ","£1,928.39 ","£2,356.92 ","£2,785.45 ","£3,213.98 ","£3,856.78 ",,
Camden,5.91%,"£1,146.51 ","£1,337.60 ","£1,528.68 ","£1,719.77 ","£2,101.94 ","£2,484.11 ","£2,866.28 ","£3,439.54 ",,
Cannock Chase,4.64%,"£1,287.21 ","£1,501.74 ","£1,716.27 ","£1,930.81 ","£2,359.88 ","£2,788.95 ","£3,218.02 ","£3,861.62 ",,
Canterbury,4.81%,"£1,303.94 ","£1,521.26 ","£1,738.58 ","£1,955.91 ","£2,390.56 ","£2,825.20 ","£3,259.85 ","£3,911.82 ",,
Carlisle,3.58%,"£1,341.89 ","£1,565.53 ","£1,789.18 ","£2,012.83 ","£2,460.13 ","£2,907.42 ","£3,354.72 ","£4,025.66 ",,
Castle Point,1.87%,"£1,266.57 ","£1,477.66 ","£1,688.75 ","£1,899.85 ","£2,322.04 ","£2,744.23 ","£3,166.42 ","£3,799.70 ",,
Central Bedfordshire,4.85%,"£1,395.37 ","£1,627.93 ","£1,860.49 ","£2,093.05 ","£2,558.17 ","£3,023.29 ","£3,488.42 ","£4,186.10 ",,
Charnwood,4.92%,"£1,300.93 ","£1,517.75 ","£1,734.57 ","£1,951.39 ","£2,385.03 ","£2,818.67 ","£3,252.32 ","£3,902.78 ",,
Chelmsford,1.97%,"£1,244.81 ","£1,452.27 ","£1,659.74 ","£1,867.21 ","£2,282.15 ","£2,697.08 ","£3,112.02 ","£3,734.42 ",,
Cheltenham,4.54%,"£1,270.81 ","£1,482.61 ","£1,694.42 ","£1,906.22 ","£2,329.82 ","£2,753.43 ","£3,177.03 ","£3,812.44 ",,
Cherwell,3.39%,"£1,360.60 ","£1,587.37 ","£1,814.13 ","£2,040.90 ","£2,494.43 ","£2,947.97 ","£3,401.50 ","£4,081.80 ",,
Cheshire East,5.05%,"£1,296.30 ","£1,512.35 ","£1,728.40 ","£1,944.45 ","£2,376.55 ","£2,808.65 ","£3,240.75 ","£3,888.90 ",,
Cheshire West and Chester,5.05%,"£1,332.27 ","£1,554.32 ","£1,776.36 ","£1,998.41 ","£2,442.50 ","£2,886.59 ","£3,330.68 ","£3,996.82 ",,
Chesterfield,3.02%,"£1,263.36 ","£1,473.92 ","£1,684.48 ","£1,895.04 ","£2,316.16 ","£2,737.28 ","£3,158.40 ","£3,790.08 ",,
Chichester,5.22%,"£1,310.31 ","£1,528.69 ","£1,747.07 ","£1,965.46 ","£2,402.23 ","£2,839.00 ","£3,275.77 ","£3,930.92 ",,
Chorley,4.02%,"£1,312.95 ","£1,531.78 ","£1,750.60 ","£1,969.43 ","£2,407.08 ","£2,844.73 ","£3,282.38 ","£3,938.86 ",,
City of London,4.19%,£699.63 ,£816.23 ,£932.83 ,"£1,049.44 ","£1,282.65 ","£1,515.86 ","£1,749.07 ","£2,098.88 ",,
Colchester,1.94%,"£1,238.21 ","£1,444.57 ","£1,650.94 ","£1,857.31 ","£2,270.05 ","£2,682.78 ","£3,095.52 ","£3,714.62 ",,
Copeland,3.50%,"£1,359.33 ","£1,585.88 ","£1,812.43 ","£2,038.99 ","£2,492.10 ","£2,945.21 ","£3,398.32 ","£4,077.98 ",,
Cornwall,5.08%,"£1,361.30 ","£1,588.18 ","£1,815.06 ","£2,041.95 ","£2,495.72 ","£2,949.48 ","£3,403.25 ","£4,083.90 ",,
Cotswold,4.69%,"£1,268.24 ","£1,479.61 ","£1,690.98 ","£1,902.36 ","£2,325.11 ","£2,747.85 ","£3,170.60 ","£3,804.72 ",,
Coventry,5.22%,"£1,339.31 ","£1,562.53 ","£1,785.75 ","£2,008.97 ","£2,455.41 ","£2,901.84 ","£3,348.28 ","£4,017.94 ",,
Craven,3.09%,"£1,335.23 ","£1,557.76 ","£1,780.30 ","£2,002.84 ","£2,447.92 ","£2,892.99 ","£3,338.07 ","£4,005.68 ",,
Crawley,4.97%,"£1,292.87 ","£1,508.35 ","£1,723.83 ","£1,939.31 ","£2,370.27 ","£2,801.22 ","£3,232.18 ","£3,878.62 ",,
Croydon,5.83%,"£1,258.77 ","£1,468.56 ","£1,678.35 ","£1,888.15 ","£2,307.74 ","£2,727.33 ","£3,146.92 ","£3,776.30 ",,
Dacorum,4.19%,"£1,274.69 ","£1,487.13 ","£1,699.58 ","£1,912.03 ","£2,336.93 ","£2,761.82 ","£3,186.72 ","£3,824.06 ",,
Darlington,5.04%,"£1,324.63 ","£1,545.40 ","£1,766.18 ","£1,986.95 ","£2,428.49 ","£2,870.04 ","£3,311.58 ","£3,973.90 ",,
Dartford,4.54%,"£1,287.17 ","£1,501.69 ","£1,716.22 ","£1,930.75 ","£2,359.81 ","£2,788.86 ","£3,217.92 ","£3,861.50 ",,
Derbyshire Dales,3.00%,"£1,322.76 ","£1,543.22 ","£1,763.68 ","£1,984.14 ","£2,425.06 ","£2,865.98 ","£3,306.90 ","£3,968.28 ",,
Doncaster,3.41%,"£1,176.95 ","£1,373.10 ","£1,569.26 ","£1,765.42 ","£2,157.74 ","£2,550.05 ","£2,942.37 ","£3,530.84 ",,
Dover,4.84%,"£1,324.00 ","£1,544.67 ","£1,765.33 ","£1,986.00 ","£2,427.33 ","£2,868.67 ","£3,310.00 ","£3,972.00 ",,
Dudley,5.30%,"£1,127.40 ","£1,315.30 ","£1,503.20 ","£1,691.10 ","£2,066.90 ","£2,442.70 ","£2,818.50 ","£3,382.20 ",,
Durham,3.25%,"£1,425.57 ","£1,663.16 ","£1,900.75 ","£2,138.35 ","£2,613.54 ","£3,088.73 ","£3,563.92 ","£4,276.70 ",,
Ealing,5.95%,"£1,109.77 ","£1,294.73 ","£1,479.69 ","£1,664.65 ","£2,034.57 ","£2,404.49 ","£2,774.42 ","£3,329.30 ",,
East Cambridgeshire,3.15%,"£1,298.18 ","£1,514.54 ","£1,730.90 ","£1,947.27 ","£2,380.00 ","£2,812.72 ","£3,245.45 ","£3,894.54 ",,
East Devon,4.84%,"£1,374.74 ","£1,603.86 ","£1,832.98 ","£2,062.11 ","£2,520.36 ","£2,978.60 ","£3,436.85 ","£4,124.22 ",,
East Hampshire,4.80%,"£1,246.70 ","£1,454.48 ","£1,662.27 ","£1,870.05 ","£2,285.62 ","£2,701.18 ","£3,116.75 ","£3,740.10 ",,
East Hertfordshire,4.16%,"£1,294.65 ","£1,510.42 ","£1,726.19 ","£1,941.97 ","£2,373.52 ","£2,805.07 ","£3,236.62 ","£3,883.94 ",,
East Lindsey,2.73%,"£1,233.12 ","£1,438.64 ","£1,644.16 ","£1,849.68 ","£2,260.72 ","£2,671.76 ","£3,082.80 ","£3,699.36 ",,
East Riding of Yorkshire,6.80%,"£1,296.65 ","£1,512.75 ","£1,728.86 ","£1,944.97 ","£2,377.19 ","£2,809.40 ","£3,241.62 ","£3,889.94 ",,
East Staffordshire,4.64%,"£1,269.45 ","£1,481.03 ","£1,692.60 ","£1,904.18 ","£2,327.33 ","£2,750.48 ","£3,173.63 ","£3,808.36 ",,
East Suffolk,3.82%,"£1,252.91 ","£1,461.73 ","£1,670.55 ","£1,879.37 ","£2,297.01 ","£2,714.64 ","£3,132.28 ","£3,758.74 ",,
Eastbourne,3.63%,"£1,408.75 ","£1,643.54 ","£1,878.33 ","£2,113.12 ","£2,582.70 ","£3,052.28 ","£3,521.87 ","£4,226.24 ",,
Eastleigh,4.62%,"£1,233.00 ","£1,438.50 ","£1,644.00 ","£1,849.50 ","£2,260.50 ","£2,671.50 ","£3,082.50 ","£3,699.00 ",,
Eden,3.59%,"£1,352.13 ","£1,577.48 ","£1,802.83 ","£2,028.19 ","£2,478.90 ","£2,929.61 ","£3,380.32 ","£4,056.38 ",,
Elmbridge,2.87%,"£1,377.81 ","£1,607.44 ","£1,837.07 ","£2,066.71 ","£2,525.98 ","£2,985.25 ","£3,444.52 ","£4,133.42 ",,
Enfield,5.87%,"£1,196.98 ","£1,396.48 ","£1,595.97 ","£1,795.47 ","£2,194.46 ","£2,593.46 ","£2,992.45 ","£3,590.94 ",,
Epping Forest,1.64%,"£1,230.31 ","£1,435.36 ","£1,640.42 ","£1,845.47 ","£2,255.57 ","£2,665.68 ","£3,075.78 ","£3,690.94 ",,
Epsom & Ewell,2.90%,"£1,361.94 ","£1,588.93 ","£1,815.92 ","£2,042.91 ","£2,496.89 ","£2,950.87 ","£3,404.85 ","£4,085.82 ",,
Erewash,2.99%,"£1,275.21 ","£1,487.74 ","£1,700.27 ","£1,912.81 ","£2,337.88 ","£2,762.95 ","£3,188.02 ","£3,825.62 ",,
Exeter,4.90%,"£1,335.26 ","£1,557.80 ","£1,780.34 ","£2,002.89 ","£2,447.98 ","£2,893.06 ","£3,338.15 ","£4,005.78 ",,
Fareham,4.94%,"£1,211.71 ","£1,413.66 ","£1,615.61 ","£1,817.56 ","£2,221.46 ","£2,625.36 ","£3,029.27 ","£3,635.12 ",,
Fenland,2.87%,"£1,352.93 ","£1,578.42 ","£1,803.91 ","£2,029.40 ","£2,480.38 ","£2,931.35 ","£3,382.33 ","£4,058.80 ",,
Folkestone & Hythe,4.66%,"£1,372.57 ","£1,601.33 ","£1,830.10 ","£2,058.86 ","£2,516.38 ","£2,973.91 ","£3,431.43 ","£4,117.72 ",,
Forest of Dean,4.55%,"£1,303.34 ","£1,520.56 ","£1,737.78 ","£1,955.01 ","£2,389.46 ","£2,823.90 ","£3,258.35 ","£3,910.02 ",,
Fylde,4.00%,"£1,336.71 ","£1,559.49 ","£1,782.27 ","£2,005.06 ","£2,450.63 ","£2,896.20 ","£3,341.77 ","£4,010.12 ",,
Gateshead,4.87%,"£1,429.75 ","£1,668.04 ","£1,906.34 ","£2,144.63 ","£2,621.21 ","£3,097.80 ","£3,574.38 ","£4,289.26 ",,
Gedling,3.33%,"£1,400.81 ","£1,634.28 ","£1,867.75 ","£2,101.22 ","£2,568.16 ","£3,035.09 ","£3,502.03 ","£4,202.44 ",,
Gloucester,4.50%,"£1,265.19 ","£1,476.06 ","£1,686.92 ","£1,897.79 ","£2,319.52 ","£2,741.25 ","£3,162.98 ","£3,795.58 ",,
Gosport,4.76%,"£1,255.39 ","£1,464.62 ","£1,673.86 ","£1,883.09 ","£2,301.55 ","£2,720.02 ","£3,138.48 ","£3,766.18 ",,
Gravesham,4.86%,"£1,294.98 ","£1,510.81 ","£1,726.64 ","£1,942.47 ","£2,374.13 ","£2,805.79 ","£3,237.45 ","£3,884.94 ",,
Great Yarmouth,4.18%,"£1,293.60 ","£1,509.20 ","£1,724.80 ","£1,940.40 ","£2,371.60 ","£2,802.80 ","£3,234.00 ","£3,880.80 ",,
Greenwich,5.96%,"£1,093.43 ","£1,275.66 ","£1,457.90 ","£1,640.14 ","£2,004.62 ","£2,369.09 ","£2,733.57 ","£3,280.28 ",,
Guildford,2.96%,"£1,366.89 ","£1,594.70 ","£1,822.51 ","£2,050.33 ","£2,505.96 ","£2,961.59 ","£3,417.22 ","£4,100.66 ",,
Hackney,5.98%,"£1,068.09 ","£1,246.10 ","£1,424.11 ","£1,602.13 ","£1,958.16 ","£2,314.19 ","£2,670.22 ","£3,204.26 ",,
Halton,5.04%,"£1,252.55 ","£1,461.30 ","£1,670.06 ","£1,878.82 ","£2,296.34 ","£2,713.85 ","£3,131.37 ","£3,757.64 ",,
Hambleton,2.99%,"£1,275.77 ","£1,488.39 ","£1,701.02 ","£1,913.65 ","£2,338.91 ","£2,764.16 ","£3,189.42 ","£3,827.30 ",,
Hammersmith & Fulham,6.33%,£797.08 ,£929.93 ,"£1,062.77 ","£1,195.62 ","£1,461.31 ","£1,727.01 ","£1,992.70 ","£2,391.24 ",,
Harborough,4.93%,"£1,304.91 ","£1,522.39 ","£1,739.87 ","£1,957.36 ","£2,392.33 ","£2,827.30 ","£3,262.27 ","£3,914.72 ",,
Haringey,5.87%,"£1,203.13 ","£1,403.65 ","£1,604.18 ","£1,804.70 ","£2,205.74 ","£2,606.79 ","£3,007.83 ","£3,609.40 ",,
Harlow,1.88%,"£1,274.82 ","£1,487.29 ","£1,699.76 ","£1,912.23 ","£2,337.17 ","£2,762.11 ","£3,187.05 ","£3,824.46 ",,
Harrogate,3.04%,"£1,350.23 ","£1,575.26 ","£1,800.30 ","£2,025.34 ","£2,475.42 ","£2,925.49 ","£3,375.57 ","£4,050.68 ",,
Harrow,5.80%,"£1,308.24 ","£1,526.28 ","£1,744.32 ","£1,962.36 ","£2,398.44 ","£2,834.52 ","£3,270.60 ","£3,924.72 ",,
Hart,4.78%,"£1,275.70 ","£1,488.32 ","£1,700.93 ","£1,913.55 ","£2,338.78 ","£2,764.02 ","£3,189.25 ","£3,827.10 ",,
Hartlepool,0.33%,"£1,399.15 ","£1,632.34 ","£1,865.53 ","£2,098.72 ","£2,565.10 ","£3,031.48 ","£3,497.87 ","£4,197.44 ",,
Hastings,3.61%,"£1,421.70 ","£1,658.65 ","£1,895.60 ","£2,132.55 ","£2,606.45 ","£3,080.35 ","£3,554.25 ","£4,265.10 ",,
Havant,4.82%,"£1,241.21 ","£1,448.08 ","£1,654.95 ","£1,861.82 ","£2,275.56 ","£2,689.29 ","£3,103.03 ","£3,723.64 ",,
Havering,5.43%,"£1,262.20 ","£1,472.57 ","£1,682.93 ","£1,893.30 ","£2,314.03 ","£2,734.77 ","£3,155.50 ","£3,786.60 ",,
Herefordshire,4.98%,"£1,367.74 ","£1,595.70 ","£1,823.65 ","£2,051.61 ","£2,507.52 ","£2,963.44 ","£3,419.35 ","£4,103.22 ",,
Hertsmere,4.13%,"£1,266.81 ","£1,477.94 ","£1,689.07 ","£1,900.21 ","£2,322.48 ","£2,744.75 ","£3,167.02 ","£3,800.42 ",,
High Peak,3.07%,"£1,284.39 ","£1,498.45 ","£1,712.51 ","£1,926.58 ","£2,354.71 ","£2,782.84 ","£3,210.97 ","£3,853.16 ",,
Hillingdon,5.83%,"£1,068.92 ","£1,247.07 ","£1,425.23 ","£1,603.38 ","£1,959.69 ","£2,315.99 ","£2,672.30 ","£3,206.76 ",,
Hinckley & Bosworth,4.88%,"£1,283.47 ","£1,497.38 ","£1,711.30 ","£1,925.21 ","£2,353.03 ","£2,780.86 ","£3,208.68 ","£3,850.42 ",,
Horsham,5.00%,"£1,300.21 ","£1,516.91 ","£1,733.61 ","£1,950.31 ","£2,383.71 ","£2,817.11 ","£3,250.52 ","£3,900.62 ",,
Hounslow,5.92%,"£1,134.82 ","£1,323.96 ","£1,513.09 ","£1,702.23 ","£2,080.50 ","£2,458.78 ","£2,837.05 ","£3,404.46 ",,
Huntingdonshire,3.15%,"£1,323.87 ","£1,544.52 ","£1,765.16 ","£1,985.81 ","£2,427.10 ","£2,868.39 ","£3,309.68 ","£3,971.62 ",,
Hyndburn,4.00%,"£1,340.69 ","£1,564.14 ","£1,787.59 ","£2,011.04 ","£2,457.94 ","£2,904.83 ","£3,351.73 ","£4,022.08 ",,
Ipswich,3.92%,"£1,341.06 ","£1,564.57 ","£1,788.08 ","£2,011.59 ","£2,458.61 ","£2,905.63 ","£3,352.65 ","£4,023.18 ",,
Isles of Scilly,5.24%,"£1,087.23 ","£1,268.43 ","£1,449.63 ","£1,630.84 ","£1,993.25 ","£2,355.66 ","£2,718.07 ","£3,261.68 ",,
Islington,5.96%,"£1,093.59 ","£1,275.85 ","£1,458.11 ","£1,640.38 ","£2,004.91 ","£2,369.44 ","£2,733.97 ","£3,280.76 ",,
Kensington & Chelsea,6.14%,£887.32 ,"£1,035.21 ","£1,183.09 ","£1,330.98 ","£1,626.75 ","£1,922.53 ","£2,218.30 ","£2,661.96 ",,
Kings Lynn & West Norfolk,4.14%,"£1,302.15 ","£1,519.17 ","£1,736.19 ","£1,953.22 ","£2,387.27 ","£2,821.32 ","£3,255.37 ","£3,906.44 ",,
Kirklees,5.10%,"£1,288.33 ","£1,503.05 ","£1,717.77 ","£1,932.49 ","£2,361.93 ","£2,791.37 ","£3,220.82 ","£3,864.98 ",,
Knowsley,4.96%,"£1,323.88 ","£1,544.53 ","£1,765.17 ","£1,985.82 ","£2,427.11 ","£2,868.41 ","£3,309.70 ","£3,971.64 ",,
Lambeth,5.99%,"£1,061.06 ","£1,237.90 ","£1,414.75 ","£1,591.59 ","£1,945.28 ","£2,298.96 ","£2,652.65 ","£3,183.18 ",,
Lancaster,4.16%,"£1,340.99 ","£1,564.49 ","£1,787.99 ","£2,011.49 ","£2,458.49 ","£2,905.48 ","£3,352.48 ","£4,022.98 ",,
Leeds,5.15%,"£1,205.85 ","£1,406.82 ","£1,607.79 ","£1,808.77 ","£2,210.72 ","£2,612.67 ","£3,014.62 ","£3,617.54 ",,
Lewes,3.70%,"£1,459.48 ","£1,702.72 ","£1,945.97 ","£2,189.22 ","£2,675.71 ","£3,162.21 ","£3,648.70 ","£4,378.44 ",,
Lewisham,5.90%,"£1,162.41 ","£1,356.15 ","£1,549.88 ","£1,743.62 ","£2,131.09 ","£2,518.56 ","£2,906.03 ","£3,487.24 ",,
Lichfield,4.71%,"£1,277.07 ","£1,489.92 ","£1,702.76 ","£1,915.61 ","£2,341.30 ","£2,766.99 ","£3,192.68 ","£3,831.22 ",,
Lincoln,2.51%,"£1,277.24 ","£1,490.11 ","£1,702.98 ","£1,915.86 ","£2,341.61 ","£2,767.35 ","£3,193.10 ","£3,831.72 ",,
Liverpool,5.04%,"£1,419.66 ","£1,656.27 ","£1,892.88 ","£2,129.49 ","£2,602.71 ","£3,075.93 ","£3,549.15 ","£4,258.98 ",,
Luton,5.07%,"£1,295.61 ","£1,511.54 ","£1,727.47 ","£1,943.41 ","£2,375.28 ","£2,807.15 ","£3,239.02 ","£3,886.82 ",,
Maidstone,4.71%,"£1,349.25 ","£1,574.13 ","£1,799.00 ","£2,023.88 ","£2,473.63 ","£2,923.38 ","£3,373.13 ","£4,047.76 ",,
Maldon,1.90%,"£1,262.45 ","£1,472.85 ","£1,683.26 ","£1,893.67 ","£2,314.49 ","£2,735.30 ","£3,156.12 ","£3,787.34 ",,
Malvern Hills,3.01%,"£1,275.46 ","£1,488.04 ","£1,700.61 ","£1,913.19 ","£2,338.34 ","£2,763.50 ","£3,188.65 ","£3,826.38 ",,
Manchester,4.70%,"£1,203.89 ","£1,404.54 ","£1,605.19 ","£1,805.84 ","£2,207.14 ","£2,608.43 ","£3,009.73 ","£3,611.68 ",,
Mansfield,3.31%,"£1,404.22 ","£1,638.26 ","£1,872.29 ","£2,106.33 ","£2,574.40 ","£3,042.48 ","£3,510.55 ","£4,212.66 ",,
Medway,5.12%,"£1,233.63 ","£1,439.24 ","£1,644.84 ","£1,850.45 ","£2,261.66 ","£2,672.87 ","£3,084.08 ","£3,700.90 ",,
Melton,4.69%,"£1,317.68 ","£1,537.29 ","£1,756.90 ","£1,976.52 ","£2,415.75 ","£2,854.97 ","£3,294.20 ","£3,953.04 ",,
Mendip,4.90%,"£1,316.10 ","£1,535.45 ","£1,754.80 ","£1,974.15 ","£2,412.85 ","£2,851.55 ","£3,290.25 ","£3,948.30 ",,
Merton,5.92%,"£1,139.43 ","£1,329.33 ","£1,519.23 ","£1,709.14 ","£2,088.95 ","£2,468.76 ","£2,848.57 ","£3,418.28 ",,
Mid Devon,4.93%,"£1,414.04 ","£1,649.71 ","£1,885.38 ","£2,121.06 ","£2,592.41 ","£3,063.75 ","£3,535.10 ","£4,242.12 ",,
Mid Suffolk,4.04%,"£1,256.67 ","£1,466.12 ","£1,675.56 ","£1,885.01 ","£2,303.90 ","£2,722.79 ","£3,141.68 ","£3,770.02 ",,
Mid Sussex,4.91%,"£1,317.29 ","£1,536.84 ","£1,756.39 ","£1,975.94 ","£2,415.04 ","£2,854.13 ","£3,293.23 ","£3,951.88 ",,
Middlesbrough,2.62%,"£1,402.49 ","£1,636.23 ","£1,869.98 ","£2,103.73 ","£2,571.23 ","£3,038.72 ","£3,506.22 ","£4,207.46 ",,
Milton Keynes,3.27%,"£1,246.12 ","£1,453.81 ","£1,661.49 ","£1,869.18 ","£2,284.55 ","£2,699.93 ","£3,115.30 ","£3,738.36 ",,
Mole Valley,2.93%,"£1,354.41 ","£1,580.15 ","£1,805.88 ","£2,031.62 ","£2,483.09 ","£2,934.56 ","£3,386.03 ","£4,063.24 ",,
New Forest,4.77%,"£1,282.60 ","£1,496.37 ","£1,710.13 ","£1,923.90 ","£2,351.43 ","£2,778.97 ","£3,206.50 ","£3,847.80 ",,
Newark & Sherwood,3.38%,"£1,447.35 ","£1,688.57 ","£1,929.79 ","£2,171.02 ","£2,653.47 ","£3,135.92 ","£3,618.37 ","£4,342.04 ",,
Newcastle-under-Lyme,4.68%,"£1,266.85 ","£1,477.99 ","£1,689.14 ","£1,900.28 ","£2,322.56 ","£2,744.85 ","£3,167.13 ","£3,800.56 ",,
Newcastle-upon-Tyne,4.82%,"£1,349.03 ","£1,573.86 ","£1,798.70 ","£2,023.54 ","£2,473.22 ","£2,922.89 ","£3,372.57 ","£4,047.08 ",,
Newham,6.08%,£978.22 ,"£1,141.26 ","£1,304.29 ","£1,467.33 ","£1,793.40 ","£2,119.48 ","£2,445.55 ","£2,934.66 ",,
North Devon,4.77%,"£1,401.46 ","£1,635.04 ","£1,868.61 ","£2,102.19 ","£2,569.34 ","£3,036.50 ","£3,503.65 ","£4,204.38 ",,
North East Derbyshire,2.85%,"£1,336.18 ","£1,558.88 ","£1,781.57 ","£2,004.27 ","£2,449.66 ","£2,895.06 ","£3,340.45 ","£4,008.54 ",,
North East Lincolnshire,5.01%,"£1,345.97 ","£1,570.29 ","£1,794.62 ","£2,018.95 ","£2,467.61 ","£2,916.26 ","£3,364.92 ","£4,037.90 ",,
North Hertfordshire,4.13%,"£1,299.12 ","£1,515.64 ","£1,732.16 ","£1,948.68 ","£2,381.72 ","£2,814.76 ","£3,247.80 ","£3,897.36 ",,
North Kesteven,2.70%,"£1,268.95 ","£1,480.44 ","£1,691.93 ","£1,903.42 ","£2,326.40 ","£2,749.38 ","£3,172.37 ","£3,806.84 ",,
North Lincolnshire,3.80%,"£1,297.78 ","£1,514.08 ","£1,730.37 ","£1,946.67 ","£2,379.26 ","£2,811.86 ","£3,244.45 ","£3,893.34 ",,
North Norfolk,3.81%,"£1,311.67 ","£1,530.28 ","£1,748.90 ","£1,967.51 ","£2,404.73 ","£2,841.96 ","£3,279.18 ","£3,935.02 ",,
North Somerset,4.84%,"£1,266.81 ","£1,477.95 ","£1,689.08 ","£1,900.22 ","£2,322.49 ","£2,744.76 ","£3,167.03 ","£3,800.44 ",,
North Tyneside,4.85%,"£1,294.31 ","£1,510.02 ","£1,725.74 ","£1,941.46 ","£2,372.90 ","£2,804.33 ","£3,235.77 ","£3,882.92 ",,
North Warwickshire,3.29%,"£1,370.42 ","£1,598.82 ","£1,827.22 ","£2,055.63 ","£2,512.44 ","£2,969.24 ","£3,426.05 ","£4,111.26 ",,
North West Leicestershire,4.65%,"£1,313.93 ","£1,532.91 ","£1,751.90 ","£1,970.89 ","£2,408.87 ","£2,846.84 ","£3,284.82 ","£3,941.78 ",,
Northumberland,3.53%,"£1,370.29 ","£1,598.67 ","£1,827.06 ","£2,055.44 ","£2,512.20 ","£2,968.97 ","£3,425.73 ","£4,110.88 ",,
Norwich,3.94%,"£1,350.46 ","£1,575.54 ","£1,800.61 ","£2,025.69 ","£2,475.84 ","£2,926.00 ","£3,376.15 ","£4,051.38 ",,
Nuneaton & Bedworth,3.29%,"£1,353.42 ","£1,578.99 ","£1,804.56 ","£2,030.13 ","£2,481.27 ","£2,932.41 ","£3,383.55 ","£4,060.26 ",,
Oadby & Wigston,4.72%,"£1,308.53 ","£1,526.62 ","£1,744.71 ","£1,962.80 ","£2,398.98 ","£2,835.15 ","£3,271.33 ","£3,925.60 ",,
Oldham,3.05%,"£1,358.29 ","£1,584.67 ","£1,811.05 ","£2,037.43 ","£2,490.19 ","£2,942.95 ","£3,395.72 ","£4,074.86 ",,
Oxford,3.25%,"£1,420.43 ","£1,657.16 ","£1,893.90 ","£2,130.64 ","£2,604.12 ","£3,077.59 ","£3,551.07 ","£4,261.28 ",,
Pendle,3.84%,"£1,419.06 ","£1,655.57 ","£1,892.08 ","£2,128.59 ","£2,601.61 ","£3,074.63 ","£3,547.65 ","£4,257.18 ",,
Peterborough,4.98%,"£1,199.93 ","£1,399.91 ","£1,599.90 ","£1,799.89 ","£2,199.87 ","£2,599.84 ","£2,999.82 ","£3,599.78 ",,
Plymouth,5.05%,"£1,319.94 ","£1,539.93 ","£1,759.92 ","£1,979.91 ","£2,419.89 ","£2,859.87 ","£3,299.85 ","£3,959.82 ",,
Portsmouth,5.13%,"£1,214.51 ","£1,416.92 ","£1,619.34 ","£1,821.76 ","£2,226.60 ","£2,631.43 ","£3,036.27 ","£3,643.52 ",,
Preston,3.93%,"£1,394.33 ","£1,626.71 ","£1,859.10 ","£2,091.49 ","£2,556.27 ","£3,021.04 ","£3,485.82 ","£4,182.98 ",,
Reading,5.10%,"£1,384.55 ","£1,615.31 ","£1,846.07 ","£2,076.83 ","£2,538.35 ","£2,999.86 ","£3,461.38 ","£4,153.66 ",,
Redbridge,5.88%,"£1,192.93 ","£1,391.75 ","£1,590.57 ","£1,789.39 ","£2,187.03 ","£2,584.67 ","£2,982.32 ","£3,578.78 ",,
Redcar & Cleveland,3.62%,"£1,377.81 ","£1,607.44 ","£1,837.07 ","£2,066.71 ","£2,525.98 ","£2,985.25 ","£3,444.52 ","£4,133.42 ",,
Redditch,2.92%,"£1,280.82 ","£1,494.29 ","£1,707.76 ","£1,921.23 ","£2,348.17 ","£2,775.11 ","£3,202.05 ","£3,842.46 ",,
Reigate & Banstead,2.87%,"£1,386.57 ","£1,617.66 ","£1,848.75 ","£2,079.85 ","£2,542.04 ","£3,004.23 ","£3,466.42 ","£4,159.70 ",,
Ribble Valley,3.86%,"£1,287.72 ","£1,502.34 ","£1,716.96 ","£1,931.58 ","£2,360.82 ","£2,790.06 ","£3,219.30 ","£3,863.16 ",,
Richmondshire,3.11%,"£1,343.93 ","£1,567.91 ","£1,791.90 ","£2,015.89 ","£2,463.87 ","£2,911.84 ","£3,359.82 ","£4,031.78 ",,
Rochdale,4.74%,"£1,357.75 ","£1,584.04 ","£1,810.33 ","£2,036.62 ","£2,489.20 ","£2,941.78 ","£3,394.37 ","£4,073.24 ",,
Rochford,1.87%,"£1,277.19 ","£1,490.06 ","£1,702.92 ","£1,915.79 ","£2,341.52 ","£2,767.25 ","£3,192.98 ","£3,831.58 ",,
Rossendale,4.11%,"£1,361.85 ","£1,588.83 ","£1,815.80 ","£2,042.78 ","£2,496.73 ","£2,950.68 ","£3,404.63 ","£4,085.56 ",,
Rother,4.15%,"£1,413.79 ","£1,649.42 ","£1,885.05 ","£2,120.68 ","£2,591.94 ","£3,063.20 ","£3,534.47 ","£4,241.36 ",,
Rotherham,3.42%,"£1,299.31 ","£1,515.86 ","£1,732.41 ","£1,948.96 ","£2,382.06 ","£2,815.16 ","£3,248.27 ","£3,897.92 ",,
Rugby,3.38%,"£1,339.55 ","£1,562.81 ","£1,786.07 ","£2,009.33 ","£2,455.85 ","£2,902.36 ","£3,348.88 ","£4,018.66 ",,
Runnymede,2.95%,"£1,339.49 ","£1,562.74 ","£1,785.99 ","£2,009.24 ","£2,455.74 ","£2,902.23 ","£3,348.73 ","£4,018.48 ",,
Rushcliffe,3.32%,"£1,416.26 ","£1,652.30 ","£1,888.34 ","£2,124.39 ","£2,596.48 ","£3,068.56 ","£3,540.65 ","£4,248.78 ",,
Rutland,3.27%,"£1,463.17 ","£1,707.03 ","£1,950.90 ","£2,194.76 ","£2,682.48 ","£3,170.21 ","£3,657.93 ","£4,389.52 ",,
Ryedale,3.02%,"£1,342.42 ","£1,566.16 ","£1,789.89 ","£2,013.63 ","£2,461.10 ","£2,908.58 ","£3,356.05 ","£4,027.26 ",,
Salford,3.89%,"£1,343.31 ","£1,567.19 ","£1,791.07 ","£2,014.96 ","£2,462.73 ","£2,910.50 ","£3,358.27 ","£4,029.92 ",,
Sandwell,3.56%,"£1,161.05 ","£1,354.55 ","£1,548.06 ","£1,741.57 ","£2,128.59 ","£2,515.60 ","£2,902.62 ","£3,483.14 ",,
Scarborough,2.80%,"£1,347.62 ","£1,572.22 ","£1,796.82 ","£2,021.43 ","£2,470.64 ","£2,919.84 ","£3,369.05 ","£4,042.86 ",,
Sedgemoor,5.01%,"£1,285.46 ","£1,499.70 ","£1,713.94 ","£1,928.19 ","£2,356.68 ","£2,785.16 ","£3,213.65 ","£3,856.38 ",,
Sefton,5.05%,"£1,371.40 ","£1,599.97 ","£1,828.53 ","£2,057.10 ","£2,514.23 ","£2,971.37 ","£3,428.50 ","£4,114.20 ",,
Selby,3.10%,"£1,336.67 ","£1,559.45 ","£1,782.23 ","£2,005.01 ","£2,450.57 ","£2,896.12 ","£3,341.68 ","£4,010.02 ",,
Sevenoaks,4.75%,"£1,357.71 ","£1,584.00 ","£1,810.28 ","£2,036.57 ","£2,489.14 ","£2,941.71 ","£3,394.28 ","£4,073.14 ",,
Sheffield,5.13%,"£1,330.69 ","£1,552.47 ","£1,774.26 ","£1,996.04 ","£2,439.60 ","£2,883.17 ","£3,326.73 ","£3,992.08 ",,
Shropshire,4.11%,"£1,283.83 ","£1,497.80 ","£1,711.77 ","£1,925.74 ","£2,353.68 ","£2,781.62 ","£3,209.57 ","£3,851.48 ",,
Slough,5.10%,"£1,196.71 ","£1,396.16 ","£1,595.62 ","£1,795.07 ","£2,193.97 ","£2,592.88 ","£2,991.78 ","£3,590.14 ",,
Solihull,3.96%,"£1,146.73 ","£1,337.85 ","£1,528.97 ","£1,720.09 ","£2,102.33 ","£2,484.57 ","£2,866.82 ","£3,440.18 ",,
Somerset West & Taunton,4.74%,"£1,266.47 ","£1,477.55 ","£1,688.63 ","£1,899.71 ","£2,321.87 ","£2,744.02 ","£3,166.18 ","£3,799.42 ",,
South Cambridgeshire,3.37%,"£1,314.03 ","£1,533.03 ","£1,752.03 ","£1,971.04 ","£2,409.05 ","£2,847.06 ","£3,285.07 ","£3,942.08 ",,
South Derbyshire,2.96%,"£1,265.53 ","£1,476.45 ","£1,687.37 ","£1,898.29 ","£2,320.13 ","£2,741.97 ","£3,163.82 ","£3,796.58 ",,
South Gloucestershire,4.83%,"£1,348.27 ","£1,572.98 ","£1,797.69 ","£2,022.40 ","£2,471.82 ","£2,921.24 ","£3,370.67 ","£4,044.80 ",,
South Hams,5.01%,"£1,393.70 ","£1,625.98 ","£1,858.26 ","£2,090.55 ","£2,555.12 ","£3,019.68 ","£3,484.25 ","£4,181.10 ",,
South Holland,2.63%,"£1,237.01 ","£1,443.17 ","£1,649.34 ","£1,855.51 ","£2,267.85 ","£2,680.18 ","£3,092.52 ","£3,711.02 ",,
South Kesteven,2.60%,"£1,224.99 ","£1,429.15 ","£1,633.31 ","£1,837.48 ","£2,245.81 ","£2,654.14 ","£3,062.47 ","£3,674.96 ",,
South Lakeland,3.60%,"£1,343.12 ","£1,566.97 ","£1,790.82 ","£2,014.68 ","£2,462.39 ","£2,910.09 ","£3,357.80 ","£4,029.36 ",,
South Norfolk,4.02%,"£1,329.65 ","£1,551.26 ","£1,772.87 ","£1,994.48 ","£2,437.70 ","£2,880.91 ","£3,324.13 ","£3,988.96 ",,
South Oxfordshire,3.54%,"£1,356.66 ","£1,582.77 ","£1,808.88 ","£2,034.99 ","£2,487.21 ","£2,939.43 ","£3,391.65 ","£4,069.98 ",,
South Ribble,3.83%,"£1,327.56 ","£1,548.82 ","£1,770.08 ","£1,991.34 ","£2,433.86 ","£2,876.38 ","£3,318.90 ","£3,982.68 ",,
South Somerset,4.67%,"£1,308.00 ","£1,526.00 ","£1,744.00 ","£1,962.00 ","£2,398.00 ","£2,834.00 ","£3,270.00 ","£3,924.00 ",,
South Staffordshire,4.76%,"£1,242.55 ","£1,449.64 ","£1,656.74 ","£1,863.83 ","£2,278.01 ","£2,692.20 ","£3,106.38 ","£3,727.66 ",,
South Tyneside,3.94%,"£1,281.91 ","£1,495.56 ","£1,709.21 ","£1,922.86 ","£2,350.16 ","£2,777.46 ","£3,204.77 ","£3,845.72 ",,
Southampton,5.12%,"£1,294.19 ","£1,509.88 ","£1,725.58 ","£1,941.28 ","£2,372.68 ","£2,804.07 ","£3,235.47 ","£3,882.56 ",,
Southend-on-Sea,3.91%,"£1,189.80 ","£1,388.10 ","£1,586.40 ","£1,784.70 ","£2,181.30 ","£2,577.90 ","£2,974.50 ","£3,569.40 ",,
Southwark,6.03%,"£1,018.53 ","£1,188.29 ","£1,358.04 ","£1,527.80 ","£1,867.31 ","£2,206.82 ","£2,546.33 ","£3,055.60 ",,
Spelthorne,2.65%,"£1,359.80 ","£1,586.43 ","£1,813.06 ","£2,039.70 ","£2,492.97 ","£2,946.23 ","£3,399.50 ","£4,079.40 ",,
St Albans,4.26%,"£1,278.88 ","£1,492.03 ","£1,705.17 ","£1,918.32 ","£2,344.61 ","£2,770.91 ","£3,197.20 ","£3,836.64 ",,
St Helens,5.03%,"£1,275.37 ","£1,487.93 ","£1,700.50 ","£1,913.06 ","£2,338.18 ","£2,763.31 ","£3,188.43 ","£3,826.12 ",,
Stafford,4.71%,"£1,243.79 ","£1,451.08 ","£1,658.38 ","£1,865.68 ","£2,280.28 ","£2,694.87 ","£3,109.47 ","£3,731.36 ",,
Staffordshire Moorlands,4.71%,"£1,260.26 ","£1,470.30 ","£1,680.34 ","£1,890.39 ","£2,310.48 ","£2,730.56 ","£3,150.65 ","£3,780.78 ",,
Stevenage,4.18%,"£1,269.47 ","£1,481.04 ","£1,692.62 ","£1,904.20 ","£2,327.36 ","£2,750.51 ","£3,173.67 ","£3,808.40 ",,
Stockport,3.48%,"£1,372.77 ","£1,601.56 ","£1,830.35 ","£2,059.15 ","£2,516.74 ","£2,974.33 ","£3,431.92 ","£4,118.30 ",,
Stockton-on-Tees,3.51%,"£1,384.19 ","£1,614.89 ","£1,845.59 ","£2,076.29 ","£2,537.69 ","£2,999.08 ","£3,460.48 ","£4,152.58 ",,
Stoke-on-Trent,4.99%,"£1,161.87 ","£1,355.52 ","£1,549.16 ","£1,742.81 ","£2,130.10 ","£2,517.39 ","£2,904.68 ","£3,485.62 ",,
Stratford-on-Avon,3.48%,"£1,333.84 ","£1,556.15 ","£1,778.45 ","£2,000.76 ","£2,445.37 ","£2,889.99 ","£3,334.60 ","£4,001.52 ",,
Stroud,4.37%,"£1,328.62 ","£1,550.06 ","£1,771.49 ","£1,992.93 ","£2,435.80 ","£2,878.68 ","£3,321.55 ","£3,985.86 ",,
Sunderland,4.84%,"£1,182.47 ","£1,379.55 ","£1,576.63 ","£1,773.71 ","£2,167.87 ","£2,562.02 ","£2,956.18 ","£3,547.42 ",,
Surrey Heath,2.84%,"£1,389.13 ","£1,620.65 ","£1,852.18 ","£2,083.70 ","£2,546.74 ","£3,009.79 ","£3,472.83 ","£4,167.40 ",,
Sutton,5.45%,"£1,237.71 ","£1,443.99 ","£1,650.27 ","£1,856.56 ","£2,269.13 ","£2,681.70 ","£3,094.27 ","£3,713.12 ",,
Swale,4.82%,"£1,289.89 ","£1,504.87 ","£1,719.85 ","£1,934.83 ","£2,364.79 ","£2,794.75 ","£3,224.72 ","£3,869.66 ",,
Swindon,5.13%,"£1,281.19 ","£1,494.72 ","£1,708.26 ","£1,921.79 ","£2,348.85 ","£2,775.92 ","£3,202.98 ","£3,843.58 ",,
Tameside,4.72%,"£1,275.96 ","£1,488.62 ","£1,701.28 ","£1,913.94 ","£2,339.26 ","£2,764.58 ","£3,189.90 ","£3,827.88 ",,
Tamworth,4.76%,"£1,243.24 ","£1,450.45 ","£1,657.65 ","£1,864.86 ","£2,279.27 ","£2,693.69 ","£3,108.10 ","£3,729.72 ",,
Tandridge,2.93%,"£1,391.67 ","£1,623.61 ","£1,855.55 ","£2,087.50 ","£2,551.39 ","£3,015.28 ","£3,479.17 ","£4,175.00 ",,
Teignbridge,4.92%,"£1,399.65 ","£1,632.92 ","£1,866.19 ","£2,099.47 ","£2,566.02 ","£3,032.57 ","£3,499.12 ","£4,198.94 ",,
Tendring,1.98%,"£1,229.56 ","£1,434.49 ","£1,639.41 ","£1,844.34 ","£2,254.19 ","£2,664.05 ","£3,073.90 ","£3,688.68 ",,
Test Valley,4.75%,"£1,225.28 ","£1,429.49 ","£1,633.71 ","£1,837.92 ","£2,246.35 ","£2,654.77 ","£3,063.20 ","£3,675.84 ",,
Tewkesbury,4.72%,"£1,247.99 ","£1,455.99 ","£1,663.99 ","£1,871.99 ","£2,287.99 ","£2,703.98 ","£3,119.98 ","£3,743.98 ",,
Thanet,4.64%,"£1,339.69 ","£1,562.97 ","£1,786.26 ","£2,009.54 ","£2,456.10 ","£2,902.67 ","£3,349.23 ","£4,019.08 ",,
Three Rivers,4.25%,"£1,281.38 ","£1,494.94 ","£1,708.50 ","£1,922.07 ","£2,349.20 ","£2,776.32 ","£3,203.45 ","£3,844.14 ",,
Thurrock,4.76%,"£1,121.16 ","£1,308.02 ","£1,494.88 ","£1,681.74 ","£2,055.46 ","£2,429.18 ","£2,802.90 ","£3,363.48 ",,
Tonbridge & Malling,4.86%,"£1,334.66 ","£1,557.10 ","£1,779.54 ","£2,001.99 ","£2,446.88 ","£2,891.76 ","£3,336.65 ","£4,003.98 ",,
Torbay,5.04%,"£1,316.91 ","£1,536.40 ","£1,755.88 ","£1,975.37 ","£2,414.34 ","£2,853.31 ","£3,292.28 ","£3,950.74 ",,
Torridge,4.79%,"£1,386.24 ","£1,617.28 ","£1,848.32 ","£2,079.36 ","£2,541.44 ","£3,003.52 ","£3,465.60 ","£4,158.72 ",,
Tower Hamlets,6.07%,£984.61 ,"£1,148.71 ","£1,312.82 ","£1,476.92 ","£1,805.12 ","£2,133.33 ","£2,461.53 ","£2,953.84 ",,
Trafford,4.69%,"£1,147.55 ","£1,338.80 ","£1,530.06 ","£1,721.32 ","£2,103.84 ","£2,486.35 ","£2,868.87 ","£3,442.64 ",,
Tunbridge Wells,4.91%,"£1,311.82 ","£1,530.46 ","£1,749.09 ","£1,967.73 ","£2,405.00 ","£2,842.28 ","£3,279.55 ","£3,935.46 ",,
Uttlesford,2.01%,"£1,256.48 ","£1,465.89 ","£1,675.30 ","£1,884.72 ","£2,303.55 ","£2,722.37 ","£3,141.20 ","£3,769.44 ",,
Vale of White Horse,3.46%,"£1,352.49 ","£1,577.90 ","£1,803.31 ","£2,028.73 ","£2,479.56 ","£2,930.39 ","£3,381.22 ","£4,057.46 ",,
Wakefield,4.25%,"£1,205.61 ","£1,406.55 ","£1,607.48 ","£1,808.42 ","£2,210.29 ","£2,612.16 ","£3,014.03 ","£3,616.84 ",,
Walsall,5.24%,"£1,408.31 ","£1,643.02 ","£1,877.74 ","£2,112.46 ","£2,581.90 ","£3,051.33 ","£3,520.77 ","£4,224.92 ",,
Waltham Forest,5.84%,"£1,242.11 ","£1,449.13 ","£1,656.15 ","£1,863.17 ","£2,277.21 ","£2,691.24 ","£3,105.28 ","£3,726.34 ",,
Wandsworth,5.70%,£563.63 ,£657.56 ,£751.50 ,£845.44 ,"£1,033.32 ","£1,221.19 ","£1,409.07 ","£1,690.88 ",,
Warrington,5.06%,"£1,272.75 ","£1,484.88 ","£1,697.00 ","£1,909.13 ","£2,333.38 ","£2,757.63 ","£3,181.88 ","£3,818.26 ",,
Warwick,0.74%,"£1,330.79 ","£1,552.58 ","£1,774.38 ","£1,996.18 ","£2,439.78 ","£2,883.37 ","£3,326.97 ","£3,992.36 ",,
Watford,4.03%,"£1,307.91 ","£1,525.90 ","£1,743.88 ","£1,961.87 ","£2,397.84 ","£2,833.81 ","£3,269.78 ","£3,923.74 ",,
Waverley,2.95%,"£1,394.30 ","£1,626.68 ","£1,859.06 ","£2,091.45 ","£2,556.22 ","£3,020.98 ","£3,485.75 ","£4,182.90 ",,
Wealden,3.41%,"£1,441.79 ","£1,682.09 ","£1,922.39 ","£2,162.69 ","£2,643.29 ","£3,123.88 ","£3,604.48 ","£4,325.38 ",,
Welwyn Hatfield,4.12%,"£1,295.93 ","£1,511.92 ","£1,727.91 ","£1,943.90 ","£2,375.88 ","£2,807.85 ","£3,239.83 ","£3,887.80 ",,
West Berkshire,2.54%,"£1,310.41 ","£1,528.81 ","£1,747.21 ","£1,965.61 ","£2,402.41 ","£2,839.21 ","£3,276.02 ","£3,931.22 ",,
West Devon,4.82%,"£1,444.39 ","£1,685.12 ","£1,925.85 ","£2,166.58 ","£2,648.04 ","£3,129.50 ","£3,610.97 ","£4,333.16 ",,
West Lancashire,4.05%,"£1,323.76 ","£1,544.39 ","£1,765.01 ","£1,985.64 ","£2,426.89 ","£2,868.15 ","£3,309.40 ","£3,971.28 ",,
West Lindsey,2.55%,"£1,283.85 ","£1,497.83 ","£1,711.80 ","£1,925.78 ","£2,353.73 ","£2,781.68 ","£3,209.63 ","£3,851.56 ",,
West Oxfordshire,3.51%,"£1,336.59 ","£1,559.36 ","£1,782.12 ","£2,004.89 ","£2,450.42 ","£2,895.95 ","£3,341.48 ","£4,009.78 ",,
West Suffolk,4.11%,"£1,263.81 ","£1,474.45 ","£1,685.08 ","£1,895.72 ","£2,316.99 ","£2,738.26 ","£3,159.53 ","£3,791.44 ",,
Westminster,6.05%,£552.85 ,£644.99 ,£737.13 ,£829.27 ,"£1,013.55 ","£1,197.83 ","£1,382.12 ","£1,658.54 ",,
Wigan,3.87%,"£1,118.97 ","£1,305.46 ","£1,491.95 ","£1,678.45 ","£2,051.44 ","£2,424.43 ","£2,797.42 ","£3,356.90 ",,
Wiltshire,4.98%,"£1,354.04 ","£1,579.71 ","£1,805.38 ","£2,031.06 ","£2,482.41 ","£2,933.75 ","£3,385.10 ","£4,062.12 ",,
Winchester,4.82%,"£1,256.29 ","£1,465.67 ","£1,675.05 ","£1,884.43 ","£2,303.19 ","£2,721.95 ","£3,140.72 ","£3,768.86 ",,
Windsor & Maidenhead,6.41%,£981.94 ,"£1,145.60 ","£1,309.25 ","£1,472.91 ","£1,800.22 ","£2,127.54 ","£2,454.85 ","£2,945.82 ",,
Wirral,5.05%,"£1,327.49 ","£1,548.74 ","£1,769.99 ","£1,991.24 ","£2,433.74 ","£2,876.23 ","£3,318.73 ","£3,982.48 ",,
Woking,2.84%,"£1,390.07 ","£1,621.75 ","£1,853.43 ","£2,085.11 ","£2,548.47 ","£3,011.82 ","£3,475.18 ","£4,170.22 ",,
Wokingham,5.07%,"£1,325.88 ","£1,546.86 ","£1,767.84 ","£1,988.82 ","£2,430.78 ","£2,872.74 ","£3,314.70 ","£3,977.64 ",,
Wolverhampton,5.25%,"£1,337.39 ","£1,560.28 ","£1,783.18 ","£2,006.08 ","£2,451.88 ","£2,897.67 ","£3,343.47 ","£4,012.16 ",,
Worcester,3.00%,"£1,248.15 ","£1,456.17 ","£1,664.19 ","£1,872.22 ","£2,288.27 ","£2,704.32 ","£3,120.37 ","£3,744.44 ",,
Worthing,4.87%,"£1,315.25 ","£1,534.46 ","£1,753.67 ","£1,972.88 ","£2,411.30 ","£2,849.71 ","£3,288.13 ","£3,945.76 ",,
Wychavon,2.83%,"£1,229.27 ","£1,434.15 ","£1,639.03 ","£1,843.91 ","£2,253.67 ","£2,663.42 ","£3,073.18 ","£3,687.82 ",,
Wyre,4.09%,"£1,323.90 ","£1,544.55 ","£1,765.20 ","£1,985.85 ","£2,427.15 ","£2,868.45 ","£3,309.75 ","£3,971.70 ",,
Wyre Forest,3.13%,"£1,292.80 ","£1,508.27 ","£1,723.73 ","£1,939.20 ","£2,370.13 ","£2,801.07 ","£3,232.00 ","£3,878.40 ",,
York,4.38%,"£1,206.34 ","£1,407.40 ","£1,608.45 ","£1,809.51 ","£2,211.62 ","£2,613.74 ","£3,015.85 ","£3,619.02 ",,
Blaenau Gwent,3.43%,"£1,385.47 ","£1,616.38 ","£1,847.29 ","£2,078.20 ","£2,540.02 ","£3,001.84 ","£3,463.67 ","£4,156.40 ","£4,849.13 ",
Bridgend,4.04%,"£1,291.55 ","£1,506.81 ","£1,722.07 ","£1,937.33 ","£2,367.85 ","£2,798.36 ","£3,228.88 ","£3,874.66 ","£4,520.44 ",
Caerphilly,4.21%,"£1,022.21 ","£1,192.57 ","£1,362.94 ","£1,533.31 ","£1,874.05 ","£2,214.78 ","£2,555.52 ","£3,066.62 ","£3,577.72 ",
Cardiff,3.85%,"£1,067.12 ","£1,244.97 ","£1,422.83 ","£1,600.68 ","£1,956.39 ","£2,312.09 ","£2,667.80 ","£3,201.36 ","£3,734.92 ",
Carmarthenshire,3.77%,"£1,153.16 ","£1,345.35 ","£1,537.55 ","£1,729.74 ","£2,114.13 ","£2,498.51 ","£2,882.90 ","£3,459.48 ","£4,036.06 ",
Ceredigion,3.86%,"£1,150.15 ","£1,341.84 ","£1,533.53 ","£1,725.22 ","£2,108.60 ","£2,491.98 ","£2,875.37 ","£3,450.44 ","£4,025.51 ",
Conwy,3.26%,"£1,157.77 ","£1,350.73 ","£1,543.70 ","£1,736.66 ","£2,122.58 ","£2,508.51 ","£2,894.43 ","£3,473.32 ","£4,052.21 ",
Denbighshire,3.97%,"£1,198.35 ","£1,398.07 ","£1,597.79 ","£1,797.52 ","£2,196.97 ","£2,596.42 ","£2,995.87 ","£3,595.04 ","£4,194.21 ",
Flintshire,4.08%,"£1,165.25 ","£1,359.46 ","£1,553.67 ","£1,747.88 ","£2,136.30 ","£2,524.71 ","£2,913.13 ","£3,495.76 ","£4,078.39 ",
Gwynedd,3.88%,"£1,225.21 ","£1,429.41 ","£1,633.61 ","£1,837.81 ","£2,246.21 ","£2,654.61 ","£3,063.02 ","£3,675.62 ","£4,288.22 ",
Isle of Anglesey,3.34%,"£1,131.43 ","£1,320.00 ","£1,508.57 ","£1,697.14 ","£2,074.28 ","£2,451.42 ","£2,828.57 ","£3,394.28 ","£3,959.99 ",
Merthyr Tydfil,3.82%,"£1,345.31 ","£1,569.52 ","£1,793.74 ","£2,017.96 ","£2,466.40 ","£2,914.83 ","£3,363.27 ","£4,035.92 ","£4,708.57 ",
Monmouthshire,3.97%,"£1,190.45 ","£1,388.86 ","£1,587.27 ","£1,785.68 ","£2,182.50 ","£2,579.31 ","£2,976.13 ","£3,571.36 ","£4,166.59 ",
Neath Port Talbot,3.14%,"£1,330.77 ","£1,552.56 ","£1,774.35 ","£1,996.15 ","£2,439.74 ","£2,883.33 ","£3,326.92 ","£3,992.30 ","£4,657.68 ",
Newport,4.03%,"£1,024.92 ","£1,195.74 ","£1,366.56 ","£1,537.38 ","£1,879.02 ","£2,220.66 ","£2,562.30 ","£3,074.76 ","£3,587.22 ",
Pembrokeshire,4.07%,"£1,002.67 ","£1,169.78 ","£1,336.89 ","£1,504.00 ","£1,838.22 ","£2,172.44 ","£2,506.67 ","£3,008.00 ","£3,509.33 ",
Powys,3.24%,"£1,164.37 ","£1,358.43 ","£1,552.50 ","£1,746.56 ","£2,134.68 ","£2,522.81 ","£2,910.93 ","£3,493.12 ","£4,075.31 ",
Rhondda Cynon Taf,3.02%,"£1,235.42 ","£1,441.32 ","£1,647.23 ","£1,853.13 ","£2,264.94 ","£2,676.74 ","£3,088.55 ","£3,706.26 ","£4,323.97 ",
Swansea,3.38%,"£1,169.01 ","£1,363.85 ","£1,558.68 ","£1,753.52 ","£2,143.19 ","£2,532.86 ","£2,922.53 ","£3,507.04 ","£4,091.55 ",
Torfaen,4.07%,"£1,172.43 ","£1,367.84 ","£1,563.24 ","£1,758.65 ","£2,149.46 ","£2,540.27 ","£2,931.08 ","£3,517.30 ","£4,103.52 ",
Vale of Glamorgan,4.13%,"£1,130.95 ","£1,319.44 ","£1,507.93 ","£1,696.42 ","£2,073.40 ","£2,450.38 ","£2,827.37 ","£3,392.84 ","£3,958.31 ",
Wrexham,6.43%,"£1,117.61 ","£1,303.87 ","£1,490.14 ","£1,676.41 ","£2,048.95 ","£2,421.48 ","£2,794.02 ","£3,352.82 ","£3,911.62 ",
Aberdeen City,0.00%,£918.20 ,"£1,071.23 ","£1,224.27 ","£1,377.30 ","£1,683.37 ","£1,989.43 ","£2,295.50 ","£2,754.60 ",,
Aberdeenshire,0.00%,£867.21 ,"£1,011.74 ","£1,156.27 ","£1,300.81 ","£1,589.88 ","£1,878.95 ","£2,168.02 ","£2,601.62 ",,
Angus,0.00%,£804.36 ,£938.42 ,"£1,072.48 ","£1,206.54 ","£1,474.66 ","£1,742.78 ","£2,010.90 ","£2,413.08 ",,
Argyll & Bute,0.00%,£911.82 ,"£1,063.79 ","£1,215.76 ","£1,367.73 ","£1,671.67 ","£1,975.61 ","£2,279.55 ","£2,735.46 ",,
City of Edinburgh,0.00%,£892.39 ,"£1,041.12 ","£1,189.86 ","£1,338.59 ","£1,636.05 ","£1,933.52 ","£2,230.98 ","£2,677.18 ",,
Clackmannanshire,0.00%,£869.75 ,"£1,014.71 ","£1,159.67 ","£1,304.63 ","£1,594.55 ","£1,884.46 ","£2,174.38 ","£2,609.26 ",,
Dumfries & Galloway,0.00%,£815.09 ,£950.93 ,"£1,086.78 ","£1,222.63 ","£1,494.33 ","£1,766.02 ","£2,037.72 ","£2,445.26 ",,
East Ayrshire,0.00%,£916.90 ,"£1,069.72 ","£1,222.53 ","£1,375.35 ","£1,680.98 ","£1,986.62 ","£2,292.25 ","£2,750.70 ",,
East Dunbartonshire,0.00%,£872.65 ,"£1,018.09 ","£1,163.54 ","£1,308.98 ","£1,599.86 ","£1,890.75 ","£2,181.63 ","£2,617.96 ",,
East Lothian,0.00%,£868.41 ,"£1,013.15 ","£1,157.88 ","£1,302.62 ","£1,592.09 ","£1,881.56 ","£2,171.03 ","£2,605.24 ",,
East Renfrewshire,0.00%,£859.97 ,"£1,003.30 ","£1,146.63 ","£1,289.96 ","£1,576.62 ","£1,863.27 ","£2,149.93 ","£2,579.92 ",,
Falkirk,0.00%,£817.05 ,£953.23 ,"£1,089.40 ","£1,225.58 ","£1,497.93 ","£1,770.28 ","£2,042.63 ","£2,451.16 ",,
Fife,0.00%,£853.87 ,£996.18 ,"£1,138.49 ","£1,280.80 ","£1,565.42 ","£1,850.04 ","£2,134.67 ","£2,561.60 ",,
Highland,0.00%,£888.22 ,"£1,036.26 ","£1,184.29 ","£1,332.33 ","£1,628.40 ","£1,924.48 ","£2,220.55 ","£2,664.66 ",,
Inverclyde,0.00%,£887.89 ,"£1,035.87 ","£1,183.86 ","£1,331.84 ","£1,627.80 ","£1,923.77 ","£2,219.73 ","£2,663.68 ",,
Midlothian,0.00%,£939.33 ,"£1,095.89 ","£1,252.44 ","£1,409.00 ","£1,722.11 ","£2,035.22 ","£2,348.33 ","£2,818.00 ",,
Moray,0.00%,£881.91 ,"£1,028.90 ","£1,175.88 ","£1,322.87 ","£1,616.84 ","£1,910.81 ","£2,204.78 ","£2,645.74 ",,
Na h-Eileanan Siar,0.00%,£795.66 ,£928.27 ,"£1,060.88 ","£1,193.49 ","£1,458.71 ","£1,723.93 ","£1,989.15 ","£2,386.98 ",,
North Ayrshire,0.00%,£895.13 ,"£1,044.31 ","£1,193.50 ","£1,342.69 ","£1,641.07 ","£1,939.44 ","£2,237.82 ","£2,685.38 ",,
North Lanarkshire,0.00%,£814.17 ,£949.86 ,"£1,085.55 ","£1,221.25 ","£1,492.64 ","£1,764.03 ","£2,035.42 ","£2,442.50 ",,
Perth & Kinross,0.00%,£878.67 ,"£1,025.11 ","£1,171.55 ","£1,318.00 ","£1,610.89 ","£1,903.78 ","£2,196.67 ","£2,636.00 ",,
Renfrewshire,0.00%,£876.95 ,"£1,023.10 ","£1,169.26 ","£1,315.42 ","£1,607.74 ","£1,900.05 ","£2,192.37 ","£2,630.84 ",,
Scottish Borders,0.00%,£835.94 ,£975.26 ,"£1,114.59 ","£1,253.91 ","£1,532.56 ","£1,811.20 ","£2,089.85 ","£2,507.82 ",,
Shetland Islands,0.00%,£804.22 ,£938.26 ,"£1,072.29 ","£1,206.33 ","£1,474.40 ","£1,742.48 ","£2,010.55 ","£2,412.66 ",,
South Ayrshire,0.00%,£896.64 ,"£1,046.08 ","£1,195.52 ","£1,344.96 ","£1,643.84 ","£1,942.72 ","£2,241.60 ","£2,689.92 ",,
South Lanarkshire,0.00%,£802.00 ,£935.67 ,"£1,069.33 ","£1,203.00 ","£1,470.33 ","£1,737.67 ","£2,005.00 ","£2,406.00 ",,
Stirling,0.00%,£896.19 ,"£1,045.55 ","£1,194.91 ","£1,344.28 ","£1,643.01 ","£1,941.74 ","£2,240.47 ","£2,688.56 ",,
West Dunbartonshire,0.00%,£862.37 ,"£1,006.09 ","£1,149.82 ","£1,293.55 ","£1,581.01 ","£1,868.46 ","£2,155.92 ","£2,587.10 ",,
West Lothian,0.00%,£850.95 ,£992.77 ,"£1,134.59 ","£1,276.42 ","£1,560.07 ","£1,843.72 ","£2,127.37 ","£2,552.84 ",,
